driverId,forename,surname,nationality,dob,max_lap_times,avg_lap_times,min_lap_times
1,Lewis,Hamilton,British,1985-01-07,"['{""2007"": 1453884}', '{""2008"": 195953}', '{""2009"": 189012}', '{""2010"": 2941051}', '{""2011"": 1296058}', '{""2012"": 3137033}', '{""2013"": 1521829}', '{""2014"": 3698495}', '{""2015"": 172159}', '{""2016"": 2126744}', '{""2017"": 1479873}', '{""2018"": 188609}', '{""2019"": 180668}', '{""2020"": 1682497}', '{""2021"": 2229155}', '{""2022"": 3199557}']","['{""2007"": 90600.86017357763}', '{""2008"": 93210.19530516432}', '{""2009"": 95013.70353982301}', '{""2010"": 101991.97602397602}', '{""2011"": 99405.79269496545}', '{""2012"": 99488.32727272727}', '{""2013"": 99398.29243542436}', '{""2014"": 102033.63939105613}', '{""2015"": 96220.25267857143}', '{""2016"": 101508.3305227656}', '{""2017"": 94618.84853556486}', '{""2018"": 92570.8438247012}', '{""2019"": 91899.34469096673}', '{""2020"": 97792.07052631579}', '{""2021"": 96207.24822695035}', '{""2022"": 97573.8242375602}']","['{""2007"": 72506}', '{""2008"": 74159}', '{""2009"": 74345}', '{""2010"": 73851}', '{""2011"": 77209}', '{""2012"": 77020}', '{""2013"": 76354}', '{""2014"": 72217}', '{""2015"": 71475}', '{""2016"": 68411}', '{""2017"": 67411}', '{""2018"": 67241}', '{""2019"": 68050}', '{""2020"": 66719}', '{""2021"": 67058}', '{""2022"": 69000}']"
2,Nick,Heidfeld,German,1977-05-10,"['{""2000"": 218816}', '{""2001"": 232209}', '{""2002"": 131068}', '{""2003"": 165163}', '{""2004"": 463888}', '{""2005"": 154667}', '{""2006"": 155328}', '{""2007"": 1285986}', '{""2008"": 194914}', '{""2009"": 194045}', '{""2010"": 2936793}', '{""2011"": 7507547}']","['{""2000"": 92277.8944}', '{""2001"": 85846.8664921466}', '{""2002"": 87105.86424870466}', '{""2003"": 87762.02061855671}', '{""2004"": 90917.14395604396}', '{""2005"": 86079.9625}', '{""2006"": 90268.52395514782}', '{""2007"": 91811.04487804878}', '{""2008"": 93285.65107913669}', '{""2009"": 96587.10862262038}', '{""2010"": 117847.20074349442}', '{""2011"": 114345.90070921986}']","['{""2000"": 73593}', '{""2001"": 71388}', '{""2002"": 72180}', '{""2003"": 70516}', '{""2004"": 73095}', '{""2005"": 75752}', '{""2006"": 74163}', '{""2007"": 73414}', '{""2008"": 74652}', '{""2009"": 74988}', '{""2010"": 75068}', '{""2011"": 77857}']"
3,Nico,Rosberg,German,1985-06-27,"['{""2006"": 157809}', '{""2007"": 191891}', '{""2008"": 180575}', '{""2009"": 185168}', '{""2010"": 2940781}', '{""2011"": 7501488}', '{""2012"": 3135695}', '{""2013"": 1519930}', '{""2014"": 3700256}', '{""2015"": 167491}', '{""2016"": 2124601}']","['{""2006"": 89968.74924471299}', '{""2007"": 89718.15440414508}', '{""2008"": 93737.89794007491}', '{""2009"": 97204.10839532412}', '{""2010"": 101323.03498542274}', '{""2011"": 108418.90444015444}', '{""2012"": 100810.47683397683}', '{""2013"": 99540.89035916825}', '{""2014"": 100697.43796992481}', '{""2015"": 96309.6190909091}', '{""2016"": 101557.30532445923}']","['{""2006"": 74707}', '{""2007"": 73159}', '{""2008"": 74934}', '{""2009"": 74370}', '{""2010"": 74184}', '{""2011"": 77207}', '{""2012"": 77060}', '{""2013"": 76442}', '{""2014"": 72598}', '{""2015"": 71235}', '{""2016"": 68491}']"
4,Fernando,Alonso,Spanish,1981-07-29,"['{""2001"": 228415}', '{""2003"": 178163}', '{""2004"": 208208}', '{""2005"": 207050}', '{""2006"": 171937}', '{""2007"": 1406432}', '{""2008"": 197238}', '{""2009"": 180376}', '{""2010"": 2942253}', '{""2011"": 7504226}', '{""2012"": 3137452}', '{""2013"": 1522622}', '{""2014"": 3679776}', '{""2015"": 187796}', '{""2016"": 2117917}', '{""2017"": 1469181}', '{""2018"": 198104}', '{""2021"": 2233466}', '{""2022"": 3204155}']","['{""2001"": 92335.86704384725}', '{""2003"": 86991.6894618834}', '{""2004"": 86140.67966280296}', '{""2005"": 88066.02234636871}', '{""2006"": 87536.30054151625}', '{""2007"": 90481.89990375361}', '{""2008"": 93077.251}', '{""2009"": 98190.27164887307}', '{""2010"": 100545.31875}', '{""2011"": 106503.43715846994}', '{""2012"": 100249.46575342465}', '{""2013"": 98753.62453531599}', '{""2014"": 100422.72310570627}', '{""2015"": 102013.84025974026}', '{""2016"": 102327.04533333333}', '{""2017"": 97141.02650602409}', '{""2018"": 94412.88934010152}', '{""2021"": 97545.98886237072}', '{""2022"": 98855.75849731664}']","['{""2001"": 74432}', '{""2003"": 70526}', '{""2004"": 71236}', '{""2005"": 72653}', '{""2006"": 72961}', '{""2007"": 73150}', '{""2008"": 74229}', '{""2009"": 75371}', '{""2010"": 73855}', '{""2011"": 76181}', '{""2012"": 77820}', '{""2013"": 75496}', '{""2014"": 72595}', '{""2015"": 76519}', '{""2016"": 71020}', '{""2017"": 73451}', '{""2018"": 68661}', '{""2021"": 68405}', '{""2022"": 68558}']"
5,Heikki,Kovalainen,Finnish,1981-10-19,"['{""2007"": 1394884}', '{""2008"": 185474}', '{""2009"": 195137}', '{""2010"": 2924654}', '{""2011"": 7492103}', '{""2012"": 3131997}', '{""2013"": 161601}']","['{""2007"": 92458.82991202346}', '{""2008"": 93557.70623145401}', '{""2009"": 97505.01395939087}', '{""2010"": 106841.65618221258}', '{""2011"": 110967.55801687764}', '{""2012"": 103617.75888985256}', '{""2013"": 92262.19047619047}']","['{""2007"": 73998}', '{""2008"": 74207}', '{""2009"": 74303}', '{""2010"": 77161}', '{""2011"": 78023}', '{""2012"": 78128}', '{""2013"": 77249}']"
6,Kazuki,Nakajima,Japanese,1985-01-11,"['{""2007"": 104396}', '{""2008"": 209104}', '{""2009"": 217180}']","['{""2007"": 76228.35714285714}', '{""2008"": 94485.384765625}', '{""2009"": 97328.91685649203}']","['{""2007"": 73116}', '{""2008"": 75865}', '{""2009"": 75073}']"
7,Sébastien,Bourdais,French,1979-02-28,"['{""2008"": 322148}', '{""2009"": 199563}']","['{""2008"": 93991.65497737557}', '{""2009"": 97509.11734693877}']","['{""2008"": 74951}', '{""2009"": 76178}']"
8,Kimi,Räikkönen,Finnish,1979-10-17,"['{""2001"": 401558}', '{""2002"": 284091}', '{""2003"": 163526}', '{""2004"": 208534}', '{""2005"": 208090}', '{""2006"": 156736}', '{""2007"": 1390132}', '{""2008"": 196804}', '{""2009"": 186728}', '{""2012"": 3133076}', '{""2013"": 1520667}', '{""2014"": 1293400}', '{""2015"": 182298}', '{""2016"": 1209843}', '{""2017"": 1695709}', '{""2018"": 207671}', '{""2019"": 181672}', '{""2020"": 1682502}', '{""2021"": 2235325}']","['{""2001"": 85618.61243386244}', '{""2002"": 87458.09217171717}', '{""2003"": 85910.86016451234}', '{""2004"": 87219.66223404255}', '{""2005"": 88302.99608227228}', '{""2006"": 86762.34761904762}', '{""2007"": 90909.7800407332}', '{""2008"": 92918.52015355087}', '{""2009"": 96522.55824175825}', '{""2012"": 101344.08396305626}', '{""2013"": 99557.38320775027}', '{""2014"": 99353.76623376623}', '{""2015"": 98921.46265560166}', '{""2016"": 99427.4168190128}', '{""2017"": 93402.3649851632}', '{""2018"": 91879.85483870968}', '{""2019"": 93373.87173202615}', '{""2020"": 96544.0089197225}', '{""2021"": 100179.79924599435}']","['{""2001"": 71284}', '{""2002"": 73819}', '{""2003"": 69423}', '{""2004"": 71248}', '{""2005"": 72268}', '{""2006"": 73281}', '{""2007"": 72445}', '{""2008"": 74117}', '{""2009"": 74558}', '{""2012"": 76764}', '{""2013"": 77392}', '{""2014"": 72884}', '{""2015"": 75416}', '{""2016"": 68876}', '{""2017"": 67486}', '{""2018"": 66957}', '{""2019"": 69126}', '{""2020"": 57375}', '{""2021"": 68520}']"
9,Robert,Kubica,Polish,1984-12-07,"['{""2006"": 170744}', '{""2007"": 1377736}', '{""2008"": 193535}', '{""2009"": 206432}', '{""2010"": 2938379}', '{""2019"": 178771}', '{""2021"": 154921}']","['{""2006"": 92966.2905027933}', '{""2007"": 92539.85682574917}', '{""2008"": 92594.2647601476}', '{""2009"": 97219.72222222222}', '{""2010"": 102291.05220883535}', '{""2019"": 94761.31721798134}', '{""2021"": 84634.0406504065}']","['{""2006"": 74117}', '{""2007"": 72686}', '{""2008"": 74375}', '{""2009"": 74155}', '{""2010"": 75161}', '{""2019"": 70964}', '{""2021"": 75442}']"
10,Timo,Glock,German,1982-03-18,"['{""2004"": 122943}', '{""2008"": 184354}', '{""2009"": 207838}', '{""2010"": 2931537}', '{""2011"": 7497345}', '{""2012"": 3132259}']","['{""2004"": 87301.94650205762}', '{""2008"": 93982.18421052632}', '{""2009"": 97047.20941759604}', '{""2010"": 104704.59146341463}', '{""2011"": 114156.35018050541}', '{""2012"": 103823.23679417121}']","['{""2004"": 73905}', '{""2008"": 74057}', '{""2009"": 76066}', '{""2010"": 77695}', '{""2011"": 81773}', '{""2012"": 79637}']"
11,Takuma,Sato,Japanese,1977-01-28,"['{""2002"": 225154}', '{""2003"": 120833}', '{""2004"": 157529}', '{""2005"": 1921214}', '{""2006"": 1528859}', '{""2007"": 1298404}', '{""2008"": 151502}']","['{""2002"": 89355.13157894737}', '{""2003"": 97423.30188679245}', '{""2004"": 86000.80355160932}', '{""2005"": 91108.94636015326}', '{""2006"": 95758.59393232205}', '{""2007"": 93417.82231852654}', '{""2008"": 97399.13526570049}']","['{""2002"": 73119}', '{""2003"": 95290}', '{""2004"": 70727}', '{""2005"": 74394}', '{""2006"": 73401}', '{""2007"": 74914}', '{""2008"": 84617}']"
12,Nelson,Piquet Jr.,Brazilian,1985-07-25,"['{""2008"": 179602}', '{""2009"": 201731}']","['{""2008"": 92634.34149484536}', '{""2009"": 97023.4271047228}']","['{""2008"": 76910}', '{""2009"": 78514}']"
13,Felipe,Massa,Brazilian,1981-04-25,"['{""2002"": 138405}', '{""2004"": 219517}', '{""2005"": 585712}', '{""2006"": 163131}', '{""2007"": 1406795}', '{""2008"": 232983}', '{""2009"": 195500}', '{""2010"": 2941237}', '{""2011"": 7506656}', '{""2012"": 3135915}', '{""2013"": 170278}', '{""2014"": 1298972}', '{""2015"": 202315}', '{""2016"": 2117412}', '{""2017"": 1476855}']","['{""2002"": 88095.54958677686}', '{""2004"": 88384.12383900929}', '{""2005"": 90626.4857703631}', '{""2006"": 87251.56472795497}', '{""2007"": 91161.69461077845}', '{""2008"": 92407.75212866603}', '{""2009"": 93013.69831223629}', '{""2010"": 101223.1582867784}', '{""2011"": 107009.0219047619}', '{""2012"": 101670.69439728353}', '{""2013"": 98486.12512218964}', '{""2014"": 100042.4780334728}', '{""2015"": 96607.5638888889}', '{""2016"": 104076.8811369509}', '{""2017"": 97366.74877330716}']","['{""2002"": 74052}', '{""2004"": 72066}', '{""2005"": 74343}', '{""2006"": 72877}', '{""2007"": 72584}', '{""2008"": 73736}', '{""2009"": 75154}', '{""2010"": 75330}', '{""2011"": 77271}', '{""2012"": 76182}', '{""2013"": 76470}', '{""2014"": 72586}', '{""2015"": 71613}', '{""2016"": 69899}', '{""2017"": 68419}']"
14,David,Coulthard,British,1971-03-27,"['{""1996"": 199147}', '{""1997"": 225973}', '{""1998"": 925994}', '{""1999"": 328467}', '{""2000"": 212856}', '{""2001"": 198996}', '{""2002"": 166898}', '{""2003"": 165005}', '{""2004"": 208547}', '{""2005"": 205377}', '{""2006"": 154825}', '{""2007"": 1395880}', '{""2008"": 190889}']","['{""1996"": 94559.67750677507}', '{""1997"": 87473.019035533}', '{""1998"": 91909.81362007168}', '{""1999"": 91446.07960893854}', '{""2000"": 89614.15107913669}', '{""2001"": 87682.89524838013}', '{""2002"": 85139.64080765143}', '{""2003"": 86397.45369284877}', '{""2004"": 87190.46998982706}', '{""2005"": 89699.06719817768}', '{""2006"": 88884.80364806867}', '{""2007"": 93098.85251798561}', '{""2008"": 94768.27709359606}']","['{""1996"": 79968}', '{""1997"": 72207}', '{""1998"": 72878}', '{""1999"": 72855}', '{""2000"": 71783}', '{""2001"": 70843}', '{""2002"": 71223}', '{""2003"": 69626}', '{""2004"": 72155}', '{""2005"": 76233}', '{""2006"": 74730}', '{""2007"": 74195}', '{""2008"": 76994}']"
15,Jarno,Trulli,Italian,1974-07-13,"['{""1997"": 437359}', '{""1998"": 206025}', '{""1999"": 155479}', '{""2000"": 210752}', '{""2001"": 213664}', '{""2002"": 167171}', '{""2003"": 219296}', '{""2004"": 208037}', '{""2005"": 211732}', '{""2006"": 155785}', '{""2007"": 1296443}', '{""2008"": 185452}', '{""2009"": 238709}', '{""2010"": 2931179}', '{""2011"": 7474332}']","['{""1997"": 92010.69044222539}', '{""1998"": 96414.91640866874}', '{""1999"": 91840.32901134522}', '{""2000"": 91865.33004231311}', '{""2001"": 89877.57251908397}', '{""2002"": 86373.14028776978}', '{""2003"": 87531.765}', '{""2004"": 87169.65111346765}', '{""2005"": 88454.28929604629}', '{""2006"": 89315.8312849162}', '{""2007"": 94003.61197339246}', '{""2008"": 92549.11584158416}', '{""2009"": 97022.47715736041}', '{""2010"": 109337.39852398523}', '{""2011"": 111765.82841530055}']","['{""1997"": 72598}', '{""1998"": 75709}', '{""1999"": 74112}', '{""2000"": 76375}', '{""2001"": 74082}', '{""2002"": 72626}', '{""2003"": 70358}', '{""2004"": 71187}', '{""2005"": 73570}', '{""2006"": 73269}', '{""2007"": 73361}', '{""2008"": 74167}', '{""2009"": 76011}', '{""2010"": 77316}', '{""2011"": 78596}']"
16,Adrian,Sutil,German,1983-01-11,"['{""2007"": 405395}', '{""2008"": 182498}', '{""2009"": 202517}', '{""2010"": 2935508}', '{""2011"": 7499740}', '{""2013"": 1521999}', '{""2014"": 3684123}']","['{""2007"": 92214.08897742364}', '{""2008"": 94882.68413391558}', '{""2009"": 99147.39344262295}', '{""2010"": 102993.29540918164}', '{""2011"": 108628.78997161779}', '{""2013"": 99882.0460385439}', '{""2014"": 104033.1178529755}']","['{""2007"": 74858}', '{""2008"": 75773}', '{""2009"": 76245}', '{""2010"": 74997}', '{""2011"": 77161}', '{""2013"": 76049}', '{""2014"": 73709}']"
17,Mark,Webber,Australian,1976-08-27,"['{""2002"": 165109}', '{""2003"": 158391}', '{""2004"": 175334}', '{""2005"": 2022173}', '{""2006"": 360120}', '{""2007"": 1397848}', '{""2008"": 192221}', '{""2009"": 184966}', '{""2010"": 2942501}', '{""2011"": 7505034}', '{""2012"": 3136250}', '{""2013"": 1519348}']","['{""2002"": 88109.65813060179}', '{""2003"": 87627.48905109489}', '{""2004"": 87035.12198221093}', '{""2005"": 91833.23759239704}', '{""2006"": 89446.8774289985}', '{""2007"": 95016.51001335113}', '{""2008"": 92672.27254509018}', '{""2009"": 95795.41838842975}', '{""2010"": 99964.00767018217}', '{""2011"": 106815.20756457564}', '{""2012"": 101096.50839964634}', '{""2013"": 98904.8341277407}']","['{""2002"": 71819}', '{""2003"": 68966}', '{""2004"": 72140}', '{""2005"": 73590}', '{""2006"": 75680}', '{""2007"": 74004}', '{""2008"": 75033}', '{""2009"": 73733}', '{""2010"": 74047}', '{""2011"": 75324}', '{""2012"": 77131}', '{""2013"": 75436}']"
18,Jenson,Button,British,1980-01-19,"['{""2000"": 211546}', '{""2001"": 472855}', '{""2002"": 140074}', '{""2003"": 164540}', '{""2004"": 206787}', '{""2005"": 215714}', '{""2006"": 162736}', '{""2007"": 157032}', '{""2008"": 181687}', '{""2009"": 185713}', '{""2010"": 2939572}', '{""2011"": 7503775}', '{""2012"": 3137014}', '{""2013"": 1522801}', '{""2014"": 3700606}', '{""2015"": 203696}', '{""2016"": 2117741}', '{""2017"": 116327}']","['{""2000"": 92292.9949302915}', '{""2001"": 91483.22880371661}', '{""2002"": 86503.84222737819}', '{""2003"": 88860.47826086957}', '{""2004"": 87163.04742684157}', '{""2005"": 89102.57060849598}', '{""2006"": 89107.42739443872}', '{""2007"": 90618.71979434448}', '{""2008"": 94179.46901709402}', '{""2009"": 94688.43855932204}', '{""2010"": 101602.17221135029}', '{""2011"": 106358.38264840182}', '{""2012"": 101620.75113122172}', '{""2013"": 99752.1971580817}', '{""2014"": 102357.99465240641}', '{""2015"": 99715.17995689655}', '{""2016"": 102303.26065891473}', '{""2017"": 79891.47368421052}']","['{""2000"": 72964}', '{""2001"": 73498}', '{""2002"": 71209}', '{""2003"": 69828}', '{""2004"": 71025}', '{""2005"": 73746}', '{""2006"": 73053}', '{""2007"": 74039}', '{""2008"": 74759}', '{""2009"": 74353}', '{""2010"": 73932}', '{""2011"": 75580}', '{""2012"": 77843}', '{""2013"": 76450}', '{""2014"": 72858}', '{""2015"": 76321}', '{""2016"": 70001}', '{""2017"": 76912}']"
19,Anthony,Davidson,British,1979-04-18,"['{""2002"": 134310}', '{""2005"": 113323}', '{""2007"": 1261801}', '{""2008"": 130925}']","['{""2002"": 90229.50666666667}', '{""2005"": 107396.5}', '{""2007"": 94380.86358381502}', '{""2008"": 100209.98319327731}']","['{""2002"": 79347}', '{""2005"": 101470}', '{""2007"": 74066}', '{""2008"": 86864}']"
20,Sebastian,Vettel,German,1987-07-03,"['{""2007"": 158559}', '{""2008"": 184579}', '{""2009"": 180240}', '{""2010"": 2941672}', '{""2011"": 7505152}', '{""2012"": 3136891}', '{""2013"": 1518412}', '{""2014"": 3694951}', '{""2015"": 187834}', '{""2016"": 2117733}', '{""2017"": 1477892}', '{""2018"": 189319}', '{""2019"": 181412}', '{""2020"": 1591459}', '{""2021"": 2230588}', '{""2022"": 3199676}']","['{""2007"": 91580.57721518987}', '{""2008"": 92673.71481481481}', '{""2009"": 97292.35537190082}', '{""2010"": 101126.22910798123}', '{""2011"": 105831.39759036145}', '{""2012"": 101035.18932874355}', '{""2013"": 98646.62321428572}', '{""2014"": 105008.24074074074}', '{""2015"": 97092.95563442768}', '{""2016"": 102160.1816461684}', '{""2017"": 92791.0927456382}', '{""2018"": 92496.36538461539}', '{""2019"": 91593.83446519525}', '{""2020"": 96365.30196936542}', '{""2021"": 97751.5384006334}', '{""2022"": 99003.2570390554}']","['{""2007"": 73862}', '{""2008"": 74214}', '{""2009"": 73890}', '{""2010"": 74283}', '{""2011"": 76076}', '{""2012"": 75752}', '{""2013"": 75624}', '{""2014"": 74018}', '{""2015"": 71499}', '{""2016"": 71441}', '{""2017"": 67496}', '{""2018"": 67082}', '{""2019"": 67676}', '{""2020"": 56905}', '{""2021"": 68420}', '{""2022"": 70000}']"
21,Giancarlo,Fisichella,Italian,1973-01-14,"['{""1996"": 183566}', '{""1997"": 219044}', '{""1998"": 187647}', '{""1999"": 504090}', '{""2000"": 294917}', '{""2001"": 194445}', '{""2002"": 344193}', '{""2003"": 187051}', '{""2004"": 208860}', '{""2005"": 189603}', '{""2006"": 174778}', '{""2007"": 1380553}', '{""2008"": 181041}', '{""2009"": 204315}']","['{""1996"": 92036.23828125}', '{""1997"": 92343.71210340776}', '{""1998"": 91956.95976331361}', '{""1999"": 93911.8958068615}', '{""2000"": 91488.97973778307}', '{""2001"": 91424.3024691358}', '{""2002"": 87904.7756232687}', '{""2003"": 88236.96808510639}', '{""2004"": 87883.49903100776}', '{""2005"": 86971.94456762749}', '{""2006"": 87417.86939942803}', '{""2007"": 92122.83171521036}', '{""2008"": 94727.22962962963}', '{""2009"": 96861.62243797195}']","['{""1996"": 83448}', '{""1997"": 72375}', '{""1998"": 74044}', '{""1999"": 73579}', '{""2000"": 76002}', '{""2001"": 75457}', '{""2002"": 71284}', '{""2003"": 71019}', '{""2004"": 71877}', '{""2005"": 73190}', '{""2006"": 73121}', '{""2007"": 74009}', '{""2008"": 75212}', '{""2009"": 74931}']"
22,Rubens,Barrichello,Brazilian,1972-05-23,"['{""1996"": 309896}', '{""1997"": 228665}', '{""1998"": 134781}', '{""1999"": 282892}', '{""2000"": 215849}', '{""2001"": 257968}', '{""2002"": 131324}', '{""2003"": 162889}', '{""2004"": 268716}', '{""2005"": 200765}', '{""2006"": 154258}', '{""2007"": 1384872}', '{""2008"": 178866}', '{""2009"": 179192}', '{""2010"": 2937417}', '{""2011"": 7496893}']","['{""1996"": 95299.00255102041}', '{""1997"": 92675.77326565144}', '{""1998"": 90475.41379310345}', '{""1999"": 93355.43529411765}', '{""2000"": 90212.51970181044}', '{""2001"": 88544.70905172414}', '{""2002"": 86347.26642335767}', '{""2003"": 86642.89960886571}', '{""2004"": 86262.47696476965}', '{""2005"": 87989.51871657754}', '{""2006"": 89990.43930041153}', '{""2007"": 94321.41561181434}', '{""2008"": 92909.05673758865}', '{""2009"": 95878.42272262026}', '{""2010"": 101856.1504854369}', '{""2011"": 108803.16116504854}']","['{""1996"": 80134}', '{""1997"": 72535}', '{""1998"": 76822}', '{""1999"": 73278}', '{""2000"": 71887}', '{""2001"": 71009}', '{""2002"": 69320}', '{""2003"": 68913}', '{""2004"": 70399}', '{""2005"": 71649}', '{""2006"": 73391}', '{""2007"": 74742}', '{""2008"": 75414}', '{""2009"": 73950}', '{""2010"": 75227}', '{""2011"": 76684}']"
23,Ralf,Schumacher,German,1975-06-30,"['{""1997"": 241198}', '{""1998"": 213452}', '{""1999"": 154148}', '{""2000"": 564047}', '{""2001"": 379267}', '{""2002"": 187383}', '{""2003"": 160854}', '{""2004"": 149153}', '{""2005"": 198939}', '{""2006"": 170349}', '{""2007"": 1331543}']","['{""1997"": 90740.42037302726}', '{""1998"": 94087.45684523809}', '{""1999"": 93753.16304347826}', '{""2000"": 92069.87842278204}', '{""2001"": 89434.18610421836}', '{""2002"": 85813.73689619733}', '{""2003"": 87449.22274881517}', '{""2004"": 86180.19170984456}', '{""2005"": 88650.09200743494}', '{""2006"": 90445.93603411513}', '{""2007"": 94468.37976190477}']","['{""1997"": 72862}', '{""1998"": 73972}', '{""1999"": 76173}', '{""2000"": 72811}', '{""2001"": 73888}', '{""2002"": 69862}', '{""2003"": 70246}', '{""2004"": 71764}', '{""2005"": 73724}', '{""2006"": 73225}', '{""2007"": 73368}']"
24,Vitantonio,Liuzzi,Italian,1980-08-06,"['{""2005"": 136070}', '{""2006"": 153898}', '{""2007"": 308436}', '{""2009"": 159529}', '{""2010"": 2936290}', '{""2011"": 7494873}']","['{""2005"": 87821.47619047618}', '{""2006"": 88301.6354056902}', '{""2007"": 93558.64355062414}', '{""2009"": 97892.41603053435}', '{""2010"": 99984.06610576923}', '{""2011"": 116068.5867768595}']","['{""2005"": 78030}', '{""2006"": 73687}', '{""2007"": 73643}', '{""2009"": 74990}', '{""2010"": 76142}', '{""2011"": 80648}']"
25,Alexander,Wurz,Austrian,1974-02-15,"['{""1997"": 148636}', '{""1998"": 165818}', '{""1999"": 154080}', '{""2000"": 223160}', '{""2005"": 106217}', '{""2007"": 1387675}']","['{""1997"": 85923.17532467532}', '{""1998"": 90085.72405660378}', '{""1999"": 93128.4306569343}', '{""2000"": 92895.55645161291}', '{""2005"": 85314.1129032258}', '{""2007"": 93507.68735362998}']","['{""1997"": 78684}', '{""1998"": 74040}', '{""1999"": 73654}', '{""2000"": 73317}', '{""2005"": 83023}', '{""2007"": 74486}']"
26,Scott,Speed,American,1983-01-24,"['{""2006"": 153107}', '{""2007"": 181900}']","['{""2006"": 90594.84963196635}', '{""2007"": 84963.26047904191}']","['{""2006"": 73862}', '{""2007"": 75092}']"
27,Christijan,Albers,Dutch,1979-04-16,"['{""2005"": 453082}', '{""2006"": 329766}', '{""2007"": 160378}']","['{""2005"": 93802.89539748954}', '{""2006"": 91511.54993983153}', '{""2007"": 86891.96068796069}']","['{""2005"": 73907}', '{""2006"": 74591}', '{""2007"": 75902}']"
28,Markus,Winkelhock,German,1980-06-13,"['{""2007"": 1437698}']","['{""2007"": 235988.6923076923}']","['{""2007"": 102783}']"
29,Sakon,Yamamoto,Japanese,1982-07-09,"['{""2006"": 297225}', '{""2007"": 173972}', '{""2010"": 2921062}']","['{""2006"": 96523.12676056338}', '{""2007"": 104201.35144927536}', '{""2010"": 116417.15805471124}']","['{""2006"": 73379}', '{""2007"": 85478}', '{""2010"": 83541}']"
30,Michael,Schumacher,German,1969-01-03,"['{""1996"": 199052}', '{""1997"": 217511}', '{""1998"": 330053}', '{""1999"": 161639}', '{""2000"": 212177}', '{""2001"": 257358}', '{""2002"": 165384}', '{""2003"": 160772}', '{""2004"": 208199}', '{""2005"": 1617815}', '{""2006"": 153702}', '{""2010"": 2938682}', '{""2011"": 7502081}', '{""2012"": 3133005}']","['{""1996"": 95949.9306518724}', '{""1997"": 91360.44736842105}', '{""1998"": 89620.69055374592}', '{""1999"": 92746.40699815837}', '{""2000"": 90186.31270358305}', '{""2001"": 87181.95721393035}', '{""2002"": 85868.17155963303}', '{""2003"": 85905.0466058764}', '{""2004"": 86407.14967860423}', '{""2005"": 87421.05649157582}', '{""2006"": 87202.96336996337}', '{""2010"": 101146.94525904203}', '{""2011"": 107858.26321467098}', '{""2012"": 103288.52691511388}']","['{""1996"": 80912}', '{""1997"": 72169}', '{""1998"": 73029}', '{""1999"": 78616}', '{""2000"": 74755}', '{""2001"": 71030}', '{""2002"": 69298}', '{""2003"": 68337}', '{""2004"": 70412}', '{""2005"": 71497}', '{""2006"": 72162}', '{""2010"": 75219}', '{""2011"": 76681}', '{""2012"": 78433}']"
31,Juan,Pablo Montoya,Colombian,1975-09-20,"['{""2001"": 224411}', '{""2002"": 166904}', '{""2003"": 335793}', '{""2004"": 214523}', '{""2005"": 229367}', '{""2006"": 230664}']","['{""2001"": 86230.30147058824}', '{""2002"": 86323.79494949494}', '{""2003"": 86244.72314507198}', '{""2004"": 86950.11617100371}', '{""2005"": 86875.16686819831}', '{""2006"": 91350.2902494331}']","['{""2001"": 71140}', '{""2002"": 69853}', '{""2003"": 70112}', '{""2004"": 71255}', '{""2005"": 72650}', '{""2006"": 76008}']"
32,Christian,Klien,Austrian,1983-02-07,"['{""2004"": 211782}', '{""2005"": 206801}', '{""2006"": 676839}', '{""2010"": 372691}']","['{""2004"": 88868.33747178329}', '{""2005"": 91343.46957878314}', '{""2006"": 88447.14351145038}', '{""2010"": 103988.32214765101}']","['{""2004"": 72891}', '{""2005"": 73800}', '{""2006"": 77576}', '{""2010"": 77690}']"
33,Tiago,Monteiro,Portuguese,1976-07-24,"['{""2005"": 199290}', '{""2006"": 250136}']","['{""2005"": 90929.688}', '{""2006"": 92223.24575311439}']","['{""2005"": 73237}', '{""2006"": 74410}']"
34,Yuji,Ide,Japanese,1975-01-21,"['{""2006"": 809130}']","['{""2006"": 114121.78620689655}']","['{""2006"": 91032}']"
35,Jacques,Villeneuve,Canadian,1971-04-09,"['{""1996"": 198311}', '{""1997"": 215511}', '{""1998"": 546038}', '{""1999"": 142665}', '{""2000"": 214308}', '{""2001"": 160182}', '{""2002"": 236214}', '{""2003"": 166867}', '{""2004"": 119930}', '{""2005"": 199447}', '{""2006"": 153474}']","['{""1996"": 93971.151547492}', '{""1997"": 89441.46697566628}', '{""1998"": 91137.58359957402}', '{""1999"": 93218.17626527051}', '{""2000"": 92201.73666666666}', '{""2001"": 87593.8075949367}', '{""2002"": 89287.15491183879}', '{""2003"": 87074.0241691843}', '{""2004"": 88736.73446327684}', '{""2005"": 89620.4830590513}', '{""2006"": 87977.64705882352}']","['{""1996"": 78610}', '{""1997"": 71814}', '{""1998"": 73730}', '{""1999"": 73977}', '{""2000"": 72630}', '{""2001"": 71718}', '{""2002"": 70823}', '{""2003"": 69764}', '{""2004"": 72210}', '{""2005"": 74054}', '{""2006"": 73934}']"
36,Franck,Montagny,French,1978-01-05,"['{""2006"": 152077}']","['{""2006"": 87851.8125}']","['{""2006"": 79104}']"
37,Pedro,de la Rosa,Spanish,1971-02-24,"['{""1999"": 258071}', '{""2000"": 221998}', '{""2001"": 229381}', '{""2002"": 384897}', '{""2005"": 117769}', '{""2006"": 152955}', '{""2010"": 176368}', '{""2011"": 7503795}', '{""2012"": 3134037}']","['{""1999"": 96832.27718223583}', '{""2000"": 92763.26}', '{""2001"": 84497.83937823834}', '{""2002"": 91406.234870317}', '{""2005"": 95149.45614035087}', '{""2006"": 90652.85964912281}', '{""2010"": 96822.90502793297}', '{""2011"": 210616.34285714285}', '{""2012"": 107710.83297413793}']","['{""1999"": 74914}', '{""2000"": 73490}', '{""2001"": 73978}', '{""2002"": 75498}', '{""2005"": 91447}', '{""2006"": 73817}', '{""2010"": 76527}', '{""2011"": 80369}', '{""2012"": 81085}']"
38,Robert,Doornbos,Dutch,1981-09-23,"['{""2005"": 211930}', '{""2006"": 134478}']","['{""2005"": 97307.10106382979}', '{""2006"": 93436.72881355933}']","['{""2005"": 75792}', '{""2006"": 73700}']"
39,Narain,Karthikeyan,Indian,1977-01-14,"['{""2005"": 197294}', '{""2011"": 7493691}', '{""2012"": 3135529}']","['{""2005"": 90837.61936193619}', '{""2011"": 120924.32648401827}', '{""2012"": 105485.15830546265}']","['{""2005"": 73370}', '{""2011"": 82731}', '{""2012"": 80286}']"
40,Patrick,Friesacher,Austrian,1980-09-26,"['{""2005"": 391146}']","['{""2005"": 90529.8640776699}']","['{""2005"": 74490}']"
41,Ricardo,Zonta,Brazilian,1976-03-23,"['{""1999"": 232416}', '{""2000"": 217940}', '{""2001"": 152927}', '{""2004"": 211158}']","['{""1999"": 96642.98207171315}', '{""2000"": 92392.64136413642}', '{""2001"": 86830.56}', '{""2004"": 92593.18695652173}']","['{""1999"": 74063}', '{""2000"": 72855}', '{""2001"": 80078}', '{""2004"": 72961}']"
42,Antônio,Pizzonia,Brazilian,1980-09-11,"['{""2003"": 183152}', '{""2004"": 212722}', '{""2005"": 210447}']","['{""2003"": 89812.45435684647}', '{""2004"": 87284.3607305936}', '{""2005"": 106424.46153846153}']","['{""2003"": 69978}', '{""2004"": 74586}', '{""2005"": 82870}']"
43,Cristiano,da Matta,Brazilian,1973-09-19,"['{""2003"": 196623}', '{""2004"": 168379}']","['{""2003"": 87146.70067264573}', '{""2004"": 86465.80236486487}']","['{""2003"": 70466}', '{""2004"": 72872}']"
44,Olivier,Panis,French,1966-09-02,"['{""1996"": 184562}', '{""1997"": 161748}', '{""1998"": 484875}', '{""1999"": 193764}', '{""2001"": 1169677}', '{""2002"": 509444}', '{""2003"": 170462}', '{""2004"": 189782}']","['{""1996"": 94060.09327846365}', '{""1997"": 91475.06989247311}', '{""1998"": 92644.77077747989}', '{""1999"": 92899.39641943734}', '{""2001"": 91314.96045918367}', '{""2002"": 87623.73457675753}', '{""2003"": 88215.38929088278}', '{""2004"": 89702.49557522124}']","['{""1996"": 78712}', '{""1997"": 79094}', '{""1998"": 79953}', '{""1999"": 73465}', '{""2001"": 72204}', '{""2002"": 72594}', '{""2003"": 73097}', '{""2004"": 70933}']"
45,Giorgio,Pantano,Italian,1979-02-04,"['{""2004"": 150641}']","['{""2004"": 89550.81238615664}']","['{""2004"": 76058}']"
46,Gianmaria,Bruni,Italian,1981-05-30,"['{""2004"": 1150467}']","['{""2004"": 93113.38179347826}']","['{""2004"": 74756}']"
47,Zsolt,Baumgartner,Hungarian,1981-01-01,"['{""2003"": 114932}', '{""2004"": 202275}']","['{""2003"": 88714.15294117646}', '{""2004"": 91586.39016018307}']","['{""2003"": 85549}', '{""2004"": 74097}']"
48,Marc,Gené,Spanish,1974-03-29,"['{""1999"": 144129}', '{""2000"": 270954}', '{""2003"": 110694}', '{""2004"": 139509}']","['{""1999"": 94847.66713483146}', '{""2000"": 92761.82325029655}', '{""2003"": 84674.1320754717}', '{""2004"": 81486.93846153846}']","['{""1999"": 74517}', '{""2000"": 73626}', '{""2003"": 82413}', '{""2004"": 76070}']"
49,Heinz-Harald,Frentzen,German,1967-05-18,"['{""1996"": 192374}', '{""1997"": 221701}', '{""1998"": 205612}', '{""1999"": 156109}', '{""2000"": 214757}', '{""2001"": 199160}', '{""2002"": 451291}', '{""2003"": 171318}']","['{""1996"": 96183.935302391}', '{""1997"": 89922.71358024691}', '{""1998"": 93240.43401015228}', '{""1999"": 92499.25027322404}', '{""2000"": 89976.2804698972}', '{""2001"": 90828.19054242002}', '{""2002"": 88387.03345070423}', '{""2003"": 90580.44131455399}']","['{""1996"": 81273}', '{""1997"": 72223}', '{""1998"": 75446}', '{""1999"": 73176}', '{""2000"": 75192}', '{""2001"": 75296}', '{""2002"": 71201}', '{""2003"": 73338}']"
50,Jos,Verstappen,Dutch,1972-03-04,"['{""1996"": 192588}', '{""1997"": 238680}', '{""1998"": 188102}', '{""2000"": 381969}', '{""2001"": 198876}', '{""2003"": 256166}']","['{""1996"": 96841.28333333334}', '{""1997"": 93549.39692701664}', '{""1998"": 90944.53727506427}', '{""2000"": 94054.2892086331}', '{""2001"": 90542.73565804274}', '{""2003"": 92252.38379814077}']","['{""1996"": 81461}', '{""1997"": 73708}', '{""1998"": 75610}', '{""2000"": 74227}', '{""2001"": 72423}', '{""2003"": 75257}']"
51,Justin,Wilson,British,1978-07-31,"['{""2003"": 423979}']","['{""2003"": 89954.63880597014}']","['{""2003"": 71267}']"
52,Ralph,Firman,Irish,1975-05-20,"['{""2003"": 220057}']","['{""2003"": 89165.95618153365}']","['{""2003"": 70659}']"
53,Nicolas,Kiesa,Danish,1978-03-03,"['{""2003"": 146651}']","['{""2003"": 89416.62080536912}']","['{""2003"": 74737}']"
54,Luciano,Burti,Brazilian,1975-03-05,"['{""2000"": 111322}', '{""2001"": 253261}']","['{""2000"": 76979.07246376811}', '{""2001"": 89910.816360601}']","['{""2000"": 74098}', '{""2001"": 72642}']"
55,Jean,Alesi,French,1964-06-11,"['{""1996"": 198845}', '{""1997"": 216242}', '{""1998"": 212399}', '{""1999"": 143015}', '{""2000"": 337100}', '{""2001"": 197446}']","['{""1996"": 94100.64742014742}', '{""1997"": 90660.19535374868}', '{""1998"": 93410.44121071012}', '{""1999"": 94106.12347560975}', '{""2000"": 94285.26315789473}', '{""2001"": 89594.46845915202}']","['{""1996"": 79378}', '{""1997"": 72953}', '{""1998"": 74791}', '{""1999"": 73228}', '{""2000"": 74039}', '{""2001"": 73130}']"
56,Eddie,Irvine,British,1965-11-10,"['{""1996"": 260908}', '{""1997"": 234283}', '{""1998"": 189476}', '{""1999"": 158260}', '{""2000"": 261594}', '{""2001"": 160334}', '{""2002"": 165451}']","['{""1996"": 97197.06608695652}', '{""1997"": 91974.56625}', '{""1998"": 91257.68309070548}', '{""1999"": 92355.60528992879}', '{""2000"": 92829.50062578222}', '{""2001"": 85796.20060790273}', '{""2002"": 89119.18282208589}']","['{""1996"": 81824}', '{""1997"": 72704}', '{""1998"": 74066}', '{""1999"": 72787}', '{""2000"": 75675}', '{""2001"": 72088}', '{""2002"": 72602}']"
57,Mika,Häkkinen,Finnish,1968-09-28,"['{""1996"": 199036}', '{""1997"": 223316}', '{""1998"": 174054}', '{""1999"": 169179}', '{""2000"": 209931}', '{""2001"": 446036}']","['{""1996"": 94245.86222222222}', '{""1997"": 92424.20473537604}', '{""1998"": 88766.85397196261}', '{""1999"": 91802.73411764707}', '{""2000"": 91033.94597457627}', '{""2001"": 90730.13788098693}']","['{""1996"": 79632}', '{""1997"": 78649}', '{""1998"": 73412}', '{""1999"": 72107}', '{""2000"": 71837}', '{""2001"": 74481}']"
58,Tarso,Marques,Brazilian,1976-01-19,"['{""1996"": 193130}', '{""1997"": 238649}', '{""2001"": 368912}']","['{""1996"": 101247.90909090909}', '{""1997"": 94766.20249221184}', '{""2001"": 94048.44117647059}']","['{""1996"": 92925}', '{""1997"": 81874}', '{""2001"": 75212}']"
59,Enrique,Bernoldi,Brazilian,1978-10-19,"['{""2001"": 135744}', '{""2002"": 1174484}']","['{""2001"": 91260.20950704225}', '{""2002"": 94636.82037533513}']","['{""2001"": 73587}', '{""2002"": 78814}']"
60,Gastón,Mazzacane,Argentine,1975-05-08,"['{""2000"": 224570}', '{""2001"": 203982}']","['{""2000"": 94221.41337719298}', '{""2001"": 101335.42222222222}']","['{""2000"": 73733}', '{""2001"": 78176}']"
61,Tomáš,Enge,Czech,1976-09-11,"['{""2001"": 188867}']","['{""2001"": 89210.22891566265}']","['{""2001"": 76155}']"
62,Alex,Yoong,Malaysian,1976-07-20,"['{""2001"": 173435}', '{""2002"": 510556}']","['{""2001"": 95212.53787878787}', '{""2002"": 90391.36647173489}']","['{""2001"": 77079}', '{""2002"": 74441}']"
63,Mika,Salo,Finnish,1966-11-30,"['{""1996"": 941618}', '{""1997"": 421524}', '{""1998"": 143597}', '{""1999"": 142018}', '{""2000"": 222454}', '{""2002"": 323440}']","['{""1996"": 97448.45165945166}', '{""1997"": 93732.64119601328}', '{""1998"": 92237.5}', '{""1999"": 92248.14897959183}', '{""2000"": 93050.64908256881}', '{""2002"": 88717.25432900432}']","['{""1996"": 80710}', '{""1997"": 73862}', '{""1998"": 81502}', '{""1999"": 73481}', '{""2000"": 73674}', '{""2002"": 71591}']"
64,Pedro,Diniz,Brazilian,1970-05-22,"['{""1996"": 190120}', '{""1997"": 316508}', '{""1998"": 382273}', '{""1999"": 279926}', '{""2000"": 222133}']","['{""1996"": 96895.15156507413}', '{""1997"": 91981.91207153503}', '{""1998"": 95763.25260960334}', '{""1999"": 92320.0291970803}', '{""2000"": 92226.09009009009}']","['{""1996"": 80997}', '{""1997"": 73074}', '{""1998"": 81765}', '{""1999"": 73093}', '{""2000"": 72955}']"
65,Johnny,Herbert,British,1964-06-25,"['{""1996"": 258683}', '{""1997"": 227132}', '{""1998"": 138152}', '{""1999"": 377189}', '{""2000"": 258026}']","['{""1996"": 93902.20111731843}', '{""1997"": 89109.09408926417}', '{""1998"": 89695.5125}', '{""1999"": 93462.68233618233}', '{""2000"": 91052.90297542044}']","['{""1996"": 81262}', '{""1997"": 72574}', '{""1998"": 74639}', '{""1999"": 72641}', '{""2000"": 73613}']"
66,Allan,McNish,British,1969-12-29,"['{""2002"": 195442}']","['{""2002"": 87315.03286384976}']","['{""2002"": 71456}']"
67,Sébastien,Buemi,Swiss,1988-10-31,"['{""2009"": 190176}', '{""2010"": 2935792}', '{""2011"": 7494505}']","['{""2009"": 98923.22072678331}', '{""2010"": 102946.7432735426}', '{""2011"": 108222.47351694915}']","['{""2009"": 74563}', '{""2010"": 75935}', '{""2011"": 77428}']"
68,Toranosuke,Takagi,Japanese,1974-02-12,"['{""1998"": 187326}', '{""1999"": 266557}']","['{""1998"": 94173.26747720364}', '{""1999"": 95161.5762987013}']","['{""1998"": 80299}', '{""1999"": 75361}']"
69,Luca,Badoer,Italian,1971-01-25,"['{""1996"": 291438}', '{""1999"": 151731}', '{""2009"": 174705}']","['{""1996"": 97579.58657243816}', '{""1999"": 96557.48406676784}', '{""2009"": 109664.45}']","['{""1996"": 82258}', '{""1999"": 74622}', '{""2009"": 100590}']"
70,Alessandro,Zanardi,Italian,1966-10-23,"['{""1999"": 152843}']","['{""1999"": 94160.7264957265}']","['{""1999"": 74381}']"
71,Damon,Hill,British,1960-09-17,"['{""1996"": 204845}', '{""1997"": 224678}', '{""1998"": 290527}', '{""1999"": 253789}']","['{""1996"": 93084.44946492271}', '{""1997"": 90561.21003963012}', '{""1998"": 92884.75174825174}', '{""1999"": 92338.58541266795}']","['{""1996"": 78938}', '{""1997"": 72903}', '{""1998"": 74135}', '{""1999"": 73960}']"
72,Stéphane,Sarrazin,French,1975-11-02,"['{""1999"": 95323}']","['{""1999"": 82907.90322580645}']","['{""1999"": 81225}']"
73,Ricardo,Rosset,Brazilian,1968-07-27,"['{""1996"": 181928}', '{""1998"": 213827}']","['{""1996"": 96880.35830618892}', '{""1998"": 91941.09523809524}']","['{""1996"": 82095}', '{""1998"": 76100}']"
74,Esteban,Tuero,Argentine,1978-04-22,"['{""1998"": 794653}']","['{""1998"": 96730.44208809135}']","['{""1998"": 75769}']"
75,Shinji,Nakano,Japanese,1971-04-01,"['{""1997"": 233291}', '{""1998"": 957277}']","['{""1997"": 91638.4742698192}', '{""1998"": 95855.92764857881}']","['{""1997"": 73010}', '{""1998"": 75575}']"
76,Jan,Magnussen,Danish,1973-07-04,"['{""1997"": 234777}', '{""1998"": 134746}']","['{""1997"": 95654.63032367972}', '{""1998"": 88719.11284046693}']","['{""1997"": 72605}', '{""1998"": 80991}']"
77,Gerhard,Berger,Austrian,1959-08-27,"['{""1996"": 198759}', '{""1997"": 231414}']","['{""1996"": 94992.86434108527}', '{""1997"": 92686.63118811882}']","['{""1996"": 79206}', '{""1997"": 72624}']"
78,Nicola,Larini,Italian,1964-03-19,"['{""1997"": 271389}']","['{""1997"": 94104.28880866426}']","['{""1997"": 78730}']"
79,Ukyo,Katayama,Japanese,1963-05-29,"['{""1996"": 206980}', '{""1997"": 262641}']","['{""1996"": 96102.42857142857}', '{""1997"": 94908.25628930818}']","['{""1996"": 80989}', '{""1997"": 74394}']"
81,Gianni,Morbidelli,Italian,1968-01-13,"['{""1997"": 229672}']","['{""1997"": 89921.91267605634}']","['{""1997"": 72826}']"
82,Norberto,Fontana,Argentine,1975-01-20,"['{""1997"": 148104}']","['{""1997"": 93580.45238095238}']","['{""1997"": 79849}']"
83,Pedro,Lamy,Portuguese,1972-03-20,"['{""1996"": 266095}']","['{""1996"": 98066.79566563468}']","['{""1996"": 82842}']"
84,Martin,Brundle,British,1959-06-01,"['{""1996"": 213708}']","['{""1996"": 95444.02695035462}']","['{""1996"": 80414}']"
85,Andrea,Montermini,Italian,1964-05-30,"['{""1996"": 207703}']","['{""1996"": 99919.84033613445}']","['{""1996"": 84621}']"
86,Giovanni,Lavaggi,Italian,1958-02-18,"['{""1996"": 115325}']","['{""1996"": 90779.28057553957}']","['{""1996"": 85626}']"
153,Jaime,Alguersuari,Spanish,1990-03-23,"['{""2009"": 158004}', '{""2010"": 2935531}', '{""2011"": 7500160}']","['{""2009"": 95304.06600660065}', '{""2010"": 102969.01148325359}', '{""2011"": 106436.77690029614}']","['{""2009"": 74861}', '{""2010"": 75695}', '{""2011"": 77162}']"
154,Romain,Grosjean,French,1986-04-17,"['{""2009"": 170409}', '{""2012"": 167796}', '{""2013"": 1526915}', '{""2014"": 3670560}', '{""2015"": 174693}', '{""2016"": 1241349}', '{""2017"": 1465701}', '{""2018"": 185940}', '{""2019"": 182277}', '{""2020"": 1681001}']","['{""2009"": 94999.82638888889}', '{""2012"": 98661.9402241594}', '{""2013"": 101362.28764278298}', '{""2014"": 104962.79013641133}', '{""2015"": 97439.54725787631}', '{""2016"": 98754.7718446602}', '{""2017"": 96862.84281581485}', '{""2018"": 93315.35474860335}', '{""2019"": 92962.82837967401}', '{""2020"": 97478.75}']","['{""2009"": 74789}', '{""2012"": 77264}', '{""2013"": 77607}', '{""2014"": 73953}', '{""2015"": 72881}', '{""2016"": 69925}', '{""2017"": 68590}', '{""2018"": 69071}', '{""2019"": 68987}', '{""2020"": 68047}']"
155,Kamui,Kobayashi,Japanese,1986-09-13,"['{""2009"": 131133}', '{""2010"": 2937181}', '{""2011"": 7506095}', '{""2012"": 3132679}', '{""2014"": 3698698}']","['{""2009"": 89509.22222222222}', '{""2010"": 103581.11388888888}', '{""2011"": 109241.37288135593}', '{""2012"": 103175.84276126558}', '{""2014"": 107195.27669172932}']","['{""2009"": 74676}', '{""2010"": 74748}', '{""2011"": 77644}', '{""2012"": 77464}', '{""2014"": 75274}']"
842,Pierre,Gasly,French,1996-02-07,"['{""2017"": 144010}', '{""2018"": 186705}', '{""2019"": 181543}', '{""2020"": 1682826}', '{""2021"": 2240925}', '{""2022"": 3191710}']","['{""2017"": 92481.81395348837}', '{""2018"": 93535.00581395348}', '{""2019"": 92980.03889789303}', '{""2020"": 94218.76967592593}', '{""2021"": 98978.33037300178}', '{""2022"": 98862.96685529508}']","['{""2017"": 73323}', '{""2018"": 69295}', '{""2019"": 68790}', '{""2020"": 57220}', '{""2021"": 68146}', '{""2022"": 70104}']"
807,Nico,Hülkenberg,German,1987-08-19,"['{""2010"": 2936632}', '{""2012"": 3134832}', '{""2013"": 1524068}', '{""2014"": 3694017}', '{""2015"": 158865}', '{""2016"": 2123869}', '{""2017"": 1471745}', '{""2018"": 187393}', '{""2019"": 179244}', '{""2020"": 137412}', '{""2022"": 158081}']","['{""2010"": 103773.13882863341}', '{""2012"": 101186.46511627907}', '{""2013"": 100734.66602502407}', '{""2014"": 102852.2119460501}', '{""2015"": 94085.1076581576}', '{""2016"": 101749.80710172745}', '{""2017"": 96906.0246659815}', '{""2018"": 93306.27777777778}', '{""2019"": 92980.45600676819}', '{""2020"": 94823.04464285714}', '{""2022"": 103443.43925233645}']","['{""2010"": 74985}', '{""2012"": 77202}', '{""2013"": 76802}', '{""2014"": 73156}', '{""2015"": 72541}', '{""2016"": 70309}', '{""2017"": 69043}', '{""2018"": 70380}', '{""2019"": 69248}', '{""2020"": 90087}', '{""2022"": 93651}']"
808,Vitaly,Petrov,Russian,1984-09-08,"['{""2010"": 2928102}', '{""2011"": 7506243}', '{""2012"": 3132785}']","['{""2010"": 101534.98614072494}', '{""2011"": 107218.44936086528}', '{""2012"": 104645.06370656371}']","['{""2010"": 75485}', '{""2011"": 77011}', '{""2012"": 78093}']"
810,Lucas,di Grassi,Brazilian,1984-08-11,"['{""2010"": 2926046}']","['{""2010"": 108922.46866840731}']","['{""2010"": 76767}']"
811,Bruno,Senna,Brazilian,1983-10-15,"['{""2010"": 2920458}', '{""2011"": 171531}', '{""2012"": 3132207}']","['{""2010"": 108523.41833810888}', '{""2011"": 103100.37387387388}', '{""2012"": 103420.51043643264}']","['{""2010"": 77731}', '{""2011"": 78274}', '{""2012"": 77817}']"
812,Karun,Chandhok,Indian,1984-01-19,"['{""2010"": 173558}', '{""2011"": 144536}']","['{""2010"": 101282.52410901467}', '{""2011"": 105481.08928571429}']","['{""2010"": 79553}', '{""2011"": 100435}']"
813,Pastor,Maldonado,Venezuelan,1985-03-09,"['{""2011"": 7493927}', '{""2012"": 3132375}', '{""2013"": 164294}', '{""2014"": 3677567}', '{""2015"": 215871}']","['{""2011"": 111596.38857782754}', '{""2012"": 103311.87486744432}', '{""2013"": 99633.24521072797}', '{""2014"": 105069.98468786808}', '{""2015"": 97745.82904884318}']","['{""2011"": 78904}', '{""2012"": 77489}', '{""2013"": 77554}', '{""2014"": 73187}', '{""2015"": 71785}']"
814,Paul,di Resta,British,1986-04-16,"['{""2011"": 7503980}', '{""2012"": 3132966}', '{""2013"": 1523136}', '{""2017"": 132485}']","['{""2011"": 108011.10859728507}', '{""2012"": 101970.75197889181}', '{""2013"": 99575.47352342159}', '{""2017"": 88969.98333333334}']","['{""2011"": 77452}', '{""2012"": 77219}', '{""2013"": 76855}', '{""2017"": 83242}']"
815,Sergio,Pérez,Mexican,1990-01-26,"['{""2011"": 196805}', '{""2012"": 3138842}', '{""2013"": 1521293}', '{""2014"": 3702636}', '{""2015"": 166453}', '{""2016"": 2123365}', '{""2017"": 1703939}', '{""2018"": 188639}', '{""2019"": 178963}', '{""2020"": 1681313}', '{""2021"": 2252336}', '{""2022"": 3186869}']","['{""2011"": 100731.78492239468}', '{""2012"": 102710.30504833513}', '{""2013"": 99916.17025089606}', '{""2014"": 103845.09630459126}', '{""2015"": 98272.9394479074}', '{""2016"": 102286.07301587301}', '{""2017"": 95740.99914821124}', '{""2018"": 94048.0668896321}', '{""2019"": 92582.89136013687}', '{""2020"": 94580.18657565415}', '{""2021"": 94892.62141652613}', '{""2022"": 99826.36348267118}']","['{""2011"": 77780}', '{""2012"": 76414}', '{""2013"": 76246}', '{""2014"": 72142}', '{""2015"": 72377}', '{""2016"": 70120}', '{""2017"": 68470}', '{""2018"": 68504}', '{""2019"": 69061}', '{""2020"": 56789}', '{""2021"": 67894}', '{""2022"": 71843}']"
816,Jérôme,d'Ambrosio,Belgian,1985-12-27,"['{""2011"": 7469869}', '{""2012"": 108703}']","['{""2011"": 111973.8303030303}', '{""2012"": 91643.05660377358}']","['{""2011"": 79902}', '{""2012"": 88677}']"
817,Daniel,Ricciardo,Australian,1989-07-01,"['{""2011"": 1098880}', '{""2012"": 3133863}', '{""2013"": 1526629}', '{""2014"": 3692106}', '{""2015"": 182566}', '{""2016"": 2121562}', '{""2017"": 1473517}', '{""2018"": 524604}', '{""2019"": 198117}', '{""2020"": 1681241}', '{""2021"": 2231723}', '{""2022"": 3198000}']","['{""2011"": 106259.92844364938}', '{""2012"": 102254.54382978723}', '{""2013"": 99688.5590778098}', '{""2014"": 102773.41567912488}', '{""2015"": 97161.275}', '{""2016"": 101457.8729281768}', '{""2017"": 96295.50442477876}', '{""2018"": 92463.85299806576}', '{""2019"": 92436.4}', '{""2020"": 96597.5617977528}', '{""2021"": 97807.61089187056}', '{""2022"": 99797.73974895397}']","['{""2011"": 79649}', '{""2012"": 76609}', '{""2013"": 76974}', '{""2014"": 73060}', '{""2015"": 71689}', '{""2016"": 68770}', '{""2017"": 67442}', '{""2018"": 67591}', '{""2019"": 68019}', '{""2020"": 56979}', '{""2021"": 68820}', '{""2022"": 69924}']"
818,Jean-Éric,Vergne,French,1990-04-25,"['{""2012"": 3135247}', '{""2013"": 1524590}', '{""2014"": 3667384}']","['{""2012"": 101920.84160305343}', '{""2013"": 100680.41067761807}', '{""2014"": 104036.23124357656}']","['{""2012"": 77875}', '{""2013"": 76790}', '{""2014"": 73317}']"
819,Charles,Pic,French,1990-02-15,"['{""2012"": 3132060}', '{""2013"": 173277}']","['{""2012"": 104612.66698113208}', '{""2013"": 100790.9133126935}']","['{""2012"": 79604}', '{""2013"": 78434}']"
820,Max,Chilton,British,1991-04-21,"['{""2013"": 1525001}', '{""2014"": 3803459}']","['{""2013"": 101989.09156844969}', '{""2014"": 108553.71854734111}']","['{""2013"": 77281}', '{""2014"": 74847}']"
821,Esteban,Gutiérrez,Mexican,1991-08-05,"['{""2013"": 1527110}', '{""2014"": 3681464}', '{""2016"": 2117755}']","['{""2013"": 100634.61328125}', '{""2014"": 103563.2973262032}', '{""2016"": 102481.70346715329}']","['{""2013"": 76528}', '{""2014"": 74036}', '{""2016"": 69694}']"
822,Valtteri,Bottas,Finnish,1989-08-28,"['{""2013"": 1526765}', '{""2014"": 3689718}', '{""2015"": 185741}', '{""2016"": 2118323}', '{""2017"": 1458906}', '{""2018"": 219223}', '{""2019"": 180377}', '{""2020"": 1681176}', '{""2021"": 2229294}', '{""2022"": 3200311}']","['{""2013"": 101224.82897196262}', '{""2014"": 102562.43705035972}', '{""2015"": 96635.8331726133}', '{""2016"": 102008.50927487352}', '{""2017"": 94895.9477739726}', '{""2018"": 93804.24209650583}', '{""2019"": 92094.96674776966}', '{""2020"": 95152.61971830986}', '{""2021"": 95981.80423280424}', '{""2022"": 97916.37235915494}']","['{""2013"": 76840}', '{""2014"": 72581}', '{""2015"": 72248}', '{""2016"": 70210}', '{""2017"": 67847}', '{""2018"": 69044}', '{""2019"": 68565}', '{""2020"": 56563}', '{""2021"": 68374}', '{""2022"": 69266}']"
823,Giedo,van der Garde,Dutch,1985-04-25,"['{""2013"": 1512835}']","['{""2013"": 103390.9119226638}']","['{""2013"": 77590}']"
824,Jules,Bianchi,French,1989-08-03,"['{""2013"": 1612127}', '{""2014"": 3687269}']","['{""2013"": 101764.94589178357}', '{""2014"": 107660.89814814815}']","['{""2013"": 77717}', '{""2014"": 74476}']"
825,Kevin,Magnussen,Danish,1992-10-05,"['{""2014"": 3700135}', '{""2016"": 2118219}', '{""2017"": 1470517}', '{""2018"": 211147}', '{""2019"": 179433}', '{""2020"": 1354973}', '{""2022"": 3197923}']","['{""2014"": 102537.03953279425}', '{""2016"": 102233.5338904364}', '{""2017"": 98603.97208374875}', '{""2018"": 93802.20136518772}', '{""2019"": 93907.28559393428}', '{""2020"": 92268.5945945946}', '{""2022"": 99367.09540636043}']","['{""2014"": 72746}', '{""2016"": 70450}', '{""2017"": 70402}', '{""2018"": 68476}', '{""2019"": 68903}', '{""2020"": 57516}', '{""2022"": 69938}']"
826,Daniil,Kvyat,Russian,1994-04-26,"['{""2014"": 3690660}', '{""2015"": 166963}', '{""2016"": 2116816}', '{""2017"": 200084}', '{""2019"": 178429}', '{""2020"": 1681588}']","['{""2014"": 106435.19978401728}', '{""2015"": 97319.21129503408}', '{""2016"": 104898.01960784313}', '{""2017"": 93581.97802197802}', '{""2019"": 93257.07118927973}', '{""2020"": 95996.70486815416}']","['{""2014"": 74144}', '{""2015"": 72316}', '{""2016"": 76942}', '{""2017"": 68061}', '{""2019"": 69498}', '{""2020"": 57001}']"
827,André,Lotterer,German,1981-11-19,"['{""2014"": 129985}']","['{""2014"": 129985.0}']","['{""2014"": 129985}']"
828,Marcus,Ericsson,Swedish,1990-09-02,"['{""2014"": 3674941}', '{""2015"": 166959}', '{""2016"": 1222582}', '{""2017"": 1463561}', '{""2018"": 216382}']","['{""2014"": 108858.4874301676}', '{""2015"": 96676.90790790791}', '{""2016"": 99455.07351555137}', '{""2017"": 97226.34526112185}', '{""2018"": 94695.69294225481}']","['{""2014"": 74672}', '{""2015"": 72516}', '{""2016"": 70704}', '{""2017"": 69284}', '{""2018"": 68216}']"
829,Will,Stevens,British,1991-06-28,"['{""2014"": 137257}', '{""2015"": 184451}']","['{""2014"": 112030.22222222222}', '{""2015"": 101137.93233944954}']","['{""2014"": 108398}', '{""2015"": 79098}']"
830,Max,Verstappen,Dutch,1997-09-30,"['{""2015"": 257359}', '{""2016"": 2123754}', '{""2017"": 175563}', '{""2018"": 188783}', '{""2019"": 171187}', '{""2020"": 1681901}', '{""2021"": 1772740}', '{""2022"": 3195545}']","['{""2015"": 97788.70341463415}', '{""2016"": 102161.55017006803}', '{""2017"": 92399.42857142857}', '{""2018"": 92339.32386867791}', '{""2019"": 91277.87711864407}', '{""2020"": 96558.79371069183}', '{""2021"": 92551.65565648225}', '{""2022"": 98011.43273013375}']","['{""2015"": 72349}', '{""2016"": 69618}', '{""2017"": 71044}', '{""2018"": 67442}', '{""2019"": 67475}', '{""2020"": 66145}', '{""2021"": 66200}', '{""2022"": 67275}']"
831,Felipe,Nasr,Brazilian,1992-08-21,"['{""2015"": 182021}', '{""2016"": 2122939}']","['{""2015"": 98078.38598130841}', '{""2016"": 105568.43327556326}']","['{""2015"": 73050}', '{""2016"": 70415}']"
832,Carlos,Sainz,Spanish,1994-09-01,"['{""2015"": 347531}', '{""2016"": 2122068}', '{""2017"": 1467412}', '{""2018"": 188524}', '{""2019"": 194682}', '{""2020"": 1685363}', '{""2021"": 2233164}', '{""2022"": 3190972}']","['{""2015"": 100306.7400835073}', '{""2016"": 101027.30849220105}', '{""2017"": 97338.90124858115}', '{""2018"": 94079.46945606694}', '{""2019"": 92573.38481906443}', '{""2020"": 91055.54081632652}', '{""2021"": 96970.0942812983}', '{""2022"": 97186.3601161665}']","['{""2015"": 73234}', '{""2016"": 70138}', '{""2017"": 69150}', '{""2018"": 68766}', '{""2019"": 68117}', '{""2020"": 57165}', '{""2021"": 67762}', '{""2022"": 68649}']"
833,Roberto,Merhi,Spanish,1991-03-22,"['{""2015"": 161334}']","['{""2015"": 100870.10447761194}']","['{""2015"": 74939}']"
834,Alexander,Rossi,American,1991-09-25,"['{""2015"": 177175}']","['{""2015"": 102816.82450331126}']","['{""2015"": 78617}']"
835,Jolyon,Palmer,British,1991-01-20,"['{""2016"": 1223356}', '{""2017"": 201396}']","['{""2016"": 103027.12799167534}', '{""2017"": 94909.77669902913}']","['{""2016"": 70228}', '{""2017"": 68652}']"
836,Pascal,Wehrlein,German,1994-10-18,"['{""2016"": 2118880}', '{""2017"": 1455132}']","['{""2016"": 103381.83874045801}', '{""2017"": 96069.81223628692}']","['{""2016"": 70859}', '{""2017"": 69241}']"
837,Rio,Haryanto,Indonesian,1993-01-22,"['{""2016"": 203761}']","['{""2016"": 94688.58592471358}']","['{""2016"": 70342}']"
838,Stoffel,Vandoorne,Belgian,1992-03-26,"['{""2016"": 119313}', '{""2017"": 1461321}', '{""2018"": 187320}']","['{""2016"": 100501.625}', '{""2017"": 98102.35646687697}', '{""2018"": 94856.24916666666}']","['{""2016"": 96121}', '{""2017"": 68422}', '{""2018"": 68894}']"
839,Esteban,Ocon,French,1996-09-17,"['{""2016"": 2121063}', '{""2017"": 1456844}', '{""2018"": 180424}', '{""2020"": 1682247}', '{""2021"": 2236939}', '{""2022"": 3085945}']","['{""2016"": 114151.51181102362}', '{""2017"": 97000.1781557744}', '{""2018"": 91137.14068441065}', '{""2020"": 94688.26713124274}', '{""2021"": 96514.23697916667}', '{""2022"": 97994.76749798874}']","['{""2016"": 84964}', '{""2017"": 68659}', '{""2018"": 68850}', '{""2020"": 57350}', '{""2021"": 69576}', '{""2022"": 69559}']"
840,Lance,Stroll,Canadian,1998-10-29,"['{""2017"": 1475189}', '{""2018"": 188133}', '{""2019"": 178539}', '{""2020"": 1682062}', '{""2021"": 2238138}', '{""2022"": 3203101}']","['{""2017"": 95856.3380952381}', '{""2018"": 95660.41089965397}', '{""2019"": 93486.84475639967}', '{""2020"": 94001.14012738854}', '{""2021"": 95216.88547008547}', '{""2022"": 98720.70583468395}']","['{""2017"": 68777}', '{""2018"": 69203}', '{""2019"": 69288}', '{""2020"": 57388}', '{""2021"": 68659}', '{""2022"": 70004}']"
841,Antonio,Giovinazzi,Italian,1993-12-14,"['{""2017"": 156151}', '{""2019"": 178487}', '{""2020"": 1682496}', '{""2021"": 2241267}']","['{""2017"": 95101.77586206897}', '{""2019"": 93658.38645747316}', '{""2020"": 92207.1287793953}', '{""2021"": 97992.11164274323}']","['{""2017"": 89052}', '{""2019"": 69051}', '{""2020"": 56887}', '{""2021"": 69042}']"
843,Brendon,Hartley,New Zealander,1989-11-10,"['{""2017"": 137971}', '{""2018"": 178161}']","['{""2017"": 96195.22346368716}', '{""2018"": 95526.26826826826}']","['{""2017"": 74658}', '{""2018"": 69171}']"
844,Charles,Leclerc,Monegasque,1997-10-16,"['{""2018"": 187364}', '{""2019"": 182193}', '{""2020"": 1576166}', '{""2021"": 2227083}', '{""2022"": 3191677}']","['{""2018"": 93275.1843100189}', '{""2019"": 92773.33564013841}', '{""2020"": 100032.67031630171}', '{""2021"": 97752.12227074236}', '{""2022"": 97835.05382674516}']","['{""2018"": 69006}', '{""2019"": 67994}', '{""2020"": 67901}', '{""2021"": 68698}', '{""2022"": 67583}']"
845,Sergey,Sirotkin,Russian,1995-08-27,"['{""2018"": 179551}']","['{""2018"": 93758.17531305904}']","['{""2018"": 68971}']"
846,Lando,Norris,British,1999-11-13,"['{""2019"": 204844}', '{""2020"": 1681270}', '{""2021"": 2231598}', '{""2022"": 3194854}']","['{""2019"": 94293.52177858439}', '{""2020"": 95659.02266009852}', '{""2021"": 96593.35322976288}', '{""2022"": 98693.2873104549}']","['{""2019"": 68699}', '{""2020"": 57270}', '{""2021"": 68471}', '{""2022"": 69304}']"
847,George,Russell,British,1998-02-15,"['{""2019"": 179793}', '{""2020"": 1682425}', '{""2021"": 2241085}', '{""2022"": 1290766}']","['{""2019"": 93507.00169204737}', '{""2020"": 95997.56813186813}', '{""2021"": 94998.37598597721}', '{""2022"": 95694.16451612904}']","['{""2019"": 69926}', '{""2020"": 55404}', '{""2021"": 68900}', '{""2022"": 69075}']"
848,Alexander,Albon,Thai,1996-03-23,"['{""2019"": 179118}', '{""2020"": 1682347}', '{""2022"": 1297333}']","['{""2019"": 93254.5437751004}', '{""2020"": 95682.66800804829}', '{""2022"": 95371.97454545455}']","['{""2019"": 68946}', '{""2020"": 57056}', '{""2022"": 69669}']"
849,Nicholas,Latifi,Canadian,1995-06-29,"['{""2020"": 1683067}', '{""2021"": 2242718}', '{""2022"": 3198246}']","['{""2020"": 95542.47322404372}', '{""2021"": 97187.38623005878}', '{""2022"": 98955.64761904762}']","['{""2020"": 58206}', '{""2021"": 68874}', '{""2022"": 70890}']"
850,Pietro,Fittipaldi,Brazilian,1996-06-25,"['{""2020"": 164251}']","['{""2020"": 80792.57142857143}']","['{""2020"": 57742}']"
851,Jack,Aitken,British,1995-09-23,"['{""2020"": 108753}']","['{""2020"": 63319.402298850575}']","['{""2020"": 57392}']"
852,Yuki,Tsunoda,Japanese,2000-05-11,"['{""2021"": 2240798}', '{""2022"": 3148409}']","['{""2021"": 99996.72912801485}', '{""2022"": 99573.47411444141}']","['{""2021"": 68455}', '{""2022"": 70023}']"
853,Nikita,Mazepin,Russian,1999-03-02,"['{""2021"": 2253574}']","['{""2021"": 99968.55555555556}']","['{""2021"": 69757}']"
854,Mick,Schumacher,German,1999-03-22,"['{""2021"": 2240706}', '{""2022"": 3197410}']","['{""2021"": 97258.92246696036}', '{""2022"": 99276.43870402803}']","['{""2021"": 69394}', '{""2022"": 69625}']"
855,Guanyu,Zhou,Chinese,1999-05-30,"['{""2022"": 1288793}']","['{""2022"": 94793.01320754716}']","['{""2022"": 69380}']"
856,Nyck,de Vries,Dutch,1995-02-06,"['{""2022"": 122870}']","['{""2022"": 91219.49056603774}']","['{""2022"": 86624}']"
