year,driverId_1th,driverId_2th,driverId_3th,driverId_4th,driverId_5th,driverId_6th,driverId_7th,driverId_8th,driverId_9th,driverId_10th,driverId_11th,driverId_12th,driverId_13th,driverId_14th,driverId_15th,driverId_16th,driverId_17th,driverId_18th,driverId_19th,driverId_20th,driverId_21th,driverId_22th,driverId_23th,driverId_24th,driverId_25th,driverId_26th,driverId_27th,driverId_28th,driverId_30th,max_points_1th,max_points_2th,max_points_3th,max_points_4th,max_points_5th,max_points_6th,max_points_7th,max_points_8th,max_points_9th,max_points_10th,max_points_11th,max_points_12th,max_points_13th,max_points_14th,max_points_15th,max_points_16th,max_points_17th,max_points_18th,max_points_19th,max_points_20th,max_points_21th,max_points_22th,max_points_23th,max_points_24th,max_points_25th,max_points_26th,max_points_27th,max_points_28th,max_points_30th
1950,642,579,786,627,647,593,701,669,"589, 686, 687, 768",,,,"626, 704, 741, 770, 793, 802",,,,,,697,"529, 774, 794",,,"427, 498, 501, 509, 518, 520, 526, 537, 555, 559, 611, 615, 619, 630, 633, 640, 641, 653, 654, 658, 659, 660, 661, 666, 677, 726, 729, 731, 732, 740, 747, 756, 762, 763, 764, 765, 766, 771, 772, 773, 776, 778, 780, 784, 785, 787, 788, 789, 790, 791, 792, 795, 796, 797, 798, 799, 800, 801, 803",,,,,,,30.0,27.0,24.0,13.0,11.0,9.0,6.0,5.0,"4.0, 4.0, 4.0, 4.0",,,,"3.0, 3.0, 3.0, 3.0, 3.0, 3.0",,,,,,2.0,"1.0, 1.0, 1.0",,,"0.0, 0.0, 0.0, 0.0, 0.0, 0.0, 0.0, 0.0, 0.0, 0.0, 0.0, 0.0, 0.0, 0.0, 0.0, 0.0, 0.0, 0.0, 0.0, 0.0, 0.0, 0.0, 0.0, 0.0, 0.0, 0.0, 0.0, 0.0, 0.0, 0.0, 0.0, 0.0, 0.0, 0.0, 0.0, 0.0, 0.0, 0.0, 0.0, 0.0, 0.0, 0.0, 0.0, 0.0, 0.0, 0.0, 0.0, 0.0, 0.0, 0.0, 0.0, 0.0, 0.0, 0.0, 0.0, 0.0, 0.0, 0.0, 0.0",,,,,,
1951,579,647,498,642,633,641,766,697,673,686,786,"612, 627, 763",,,"640, 658, 675, 704, 734",,,,,"427, 429, 449, 475, 501, 518, 521, 526, 529, 534, 580, 589, 593, 609, 611, 615, 619, 622, 626, 629, 630, 653, 654, 657, 660, 661, 669, 670, 680, 687, 699, 700, 708, 721, 723, 725, 726, 728, 729, 731, 732, 733, 741, 747, 756, 762, 764, 765, 767, 768, 769, 770, 771, 772, 773, 774, 775, 776, 777, 778, 779, 780, 781, 782, 783",,,,,,,,,,31.0,25.0,24.0,19.0,15.0,10.0,9.0,7.0,6.0,5.0,4.0,"3.0, 3.0, 3.0",,,"2.0, 2.0, 2.0, 2.0, 2.0",,,,,"0.0, 0.0, 0.0, 0.0, 0.0, 0.0, 0.0, 0.0, 0.0, 0.0, 0.0, 0.0, 0.0, 0.0, 0.0, 0.0, 0.0, 0.0, 0.0, 0.0, 0.0, 0.0, 0.0, 0.0, 0.0, 0.0, 0.0, 0.0, 0.0, 0.0, 0.0, 0.0, 0.0, 0.0, 0.0, 0.0, 0.0, 0.0, 0.0, 0.0, 0.0, 0.0, 0.0, 0.0, 0.0, 0.0, 0.0, 0.0, 0.0, 0.0, 0.0, 0.0, 0.0, 0.0, 0.0, 0.0, 0.0, 0.0, 0.0, 0.0, 0.0, 0.0, 0.0, 0.0, 0.0",,,,,,,,,
1952,647,642,641,"578, 723",,626,"526, 633",,498,"509, 554",,611,"518, 663, 742",,,"427, 632, 656, 689, 697, 743",,,,,,657,"449, 456, 475, 501, 513, 520, 521, 525, 529, 581, 592, 593, 609, 612, 615, 622, 625, 627, 628, 629, 640, 651, 658, 660, 664, 669, 675, 677, 686, 687, 688, 692, 699, 702, 703, 704, 705, 708, 709, 710, 712, 715, 717, 720, 721, 722, 724, 725, 726, 727, 728, 729, 730, 731, 732, 733, 734, 735, 736, 737, 738, 739, 740, 741, 744, 745, 746, 747, 748, 749, 750, 751, 752, 753, 754, 755, 756, 757, 758, 759, 760, 761, 762",,,,,,,36.0,24.0,22.0,"10.0, 10.0",,9.0,"8.0, 8.0",,6.5,"6.0, 6.0",,4.0,"3.0, 3.0, 3.0",,,"2.0, 2.0, 2.0, 2.0, 2.0, 2.0",,,,,,1.0,"0.0, 0.0, 0.0, 0.0, 0.0, 0.0, 0.0, 0.0, 0.0, 0.0, 0.0, 0.0, 0.0, 0.0, 0.0, 0.0, 0.0, 0.0, 0.0, 0.0, 0.0, 0.0, 0.0, 0.0, 0.0, 0.0, 0.0, 0.0, 0.0, 0.0, 0.0, 0.0, 0.0, 0.0, 0.0, 0.0, 0.0, 0.0, 0.0, 0.0, 0.0, 0.0, 0.0, 0.0, 0.0, 0.0, 0.0, 0.0, 0.0, 0.0, 0.0, 0.0, 0.0, 0.0, 0.0, 0.0, 0.0, 0.0, 0.0, 0.0, 0.0, 0.0, 0.0, 0.0, 0.0, 0.0, 0.0, 0.0, 0.0, 0.0, 0.0, 0.0, 0.0, 0.0, 0.0, 0.0, 0.0, 0.0, 0.0, 0.0, 0.0, 0.0, 0.0",,,,,,
1953,647,579,642,578,633,498,657,640,697,656,"427, 670",,"518, 611, 658, 691, 695",,,,,"555, 615",,"429, 431, 449, 455, 456, 475, 478, 486, 496, 501, 509, 512, 513, 520, 521, 525, 528, 529, 554, 556, 559, 577, 581, 589, 593, 612, 613, 619, 620, 622, 625, 626, 627, 628, 630, 632, 643, 644, 649, 651, 653, 654, 655, 659, 660, 663, 664, 666, 667, 669, 673, 675, 677, 679, 680, 681, 687, 689, 690, 692, 693, 696, 698, 699, 700, 701, 702, 703, 704, 705, 706, 707, 708, 709, 710, 711, 712, 713, 714, 715, 716, 717, 718, 719, 720, 721, 722, 797, 804",,,,,,,,,,34.5,28.0,26.0,19.0,17.0,13.5,9.0,7.0,6.5,6.0,"4.0, 4.0",,"2.0, 2.0, 2.0, 2.0, 2.0",,,,,"1.5, 1.5",,"0.0, 0.0, 0.0, 0.0, 0.0, 0.0, 0.0, 0.0, 0.0, 0.0, 0.0, 0.0, 0.0, 0.0, 0.0, 0.0, 0.0, 0.0, 0.0, 0.0, 0.0, 0.0, 0.0, 0.0, 0.0, 0.0, 0.0, 0.0, 0.0, 0.0, 0.0, 0.0, 0.0, 0.0, 0.0, 0.0, 0.0, 0.0, 0.0, 0.0, 0.0, 0.0, 0.0, 0.0, 0.0, 0.0, 0.0, 0.0, 0.0, 0.0, 0.0, 0.0, 0.0, 0.0, 0.0, 0.0, 0.0, 0.0, 0.0, 0.0, 0.0, 0.0, 0.0, 0.0, 0.0, 0.0, 0.0, 0.0, 0.0, 0.0, 0.0, 0.0, 0.0, 0.0, 0.0, 0.0, 0.0, 0.0, 0.0, 0.0, 0.0, 0.0, 0.0, 0.0, 0.0, 0.0, 0.0, 0.0, 0.0",,,,,,,,,
1954,579,498,578,427,648,"478, 657",,"525, 577, 642, 643",,,,658,670,"475, 626, 644",,,669,"429, 620, 625, 633, 673",,,,,"518, 526",,647,"449, 456, 496, 501, 509, 512, 513, 519, 520, 521, 528, 529, 541, 547, 554, 555, 556, 559, 580, 581, 592, 593, 596, 597, 611, 612, 613, 615, 619, 627, 628, 632, 638, 640, 641, 645, 650, 651, 653, 654, 655, 656, 659, 663, 665, 671, 672, 674, 675, 676, 677, 678, 679, 680, 681, 682, 683, 684, 685, 686, 687, 688, 689, 690, 691, 692, 693, 694, 702, 730, 799, 805",,,,42.0,25.14,24.64,17.0,12.0,"8.0, 8.0",,"6.0, 6.0, 6.0, 6.0",,,,5.0,4.14,"4.0, 4.0, 4.0",,,3.0,"2.0, 2.0, 2.0, 2.0, 2.0",,,,,"1.5, 1.5",,1.0,"0.0, 0.0, 0.0, 0.0, 0.0, 0.0, 0.0, 0.0, 0.0, 0.0, 0.0, 0.0, 0.0, 0.0, 0.0, 0.0, 0.0, 0.0, 0.0, 0.0, 0.0, 0.0, 0.0, 0.0, 0.0, 0.0, 0.0, 0.0, 0.0, 0.0, 0.0, 0.0, 0.0, 0.0, 0.0, 0.0, 0.0, 0.0, 0.0, 0.0, 0.0, 0.0, 0.0, 0.0, 0.0, 0.0, 0.0, 0.0, 0.0, 0.0, 0.0, 0.0, 0.0, 0.0, 0.0, 0.0, 0.0, 0.0, 0.0, 0.0, 0.0, 0.0, 0.0, 0.0, 0.0, 0.0, 0.0, 0.0, 0.0, 0.0, 0.0, 0.0",,,
1955,579,475,608,427,642,641,628,643,"554, 577",,648,653,"512, 529, 555, 632",,,,"496, 498, 607, 633",,,,620,"478, 519, 654, 657",,,,"356, 449, 456, 486, 501, 509, 513, 518, 523, 525, 528, 532, 533, 538, 547, 556, 558, 559, 561, 563, 578, 581, 586, 589, 592, 593, 596, 597, 609, 611, 612, 615, 623, 624, 625, 626, 627, 631, 644, 645, 646, 647, 649, 650, 651, 652, 655, 656, 658, 659, 660, 661, 662, 663, 664, 665, 666, 667, 668",,,,40.0,23.0,12.0,11.33,10.33,9.0,8.0,7.0,"6.0, 6.0",,5.0,4.0,"3.0, 3.0, 3.0, 3.0",,,,"2.0, 2.0, 2.0, 2.0",,,,1.33,"1.0, 1.0, 1.0, 1.0",,,,"0.0, 0.0, 0.0, 0.0, 0.0, 0.0, 0.0, 0.0, 0.0, 0.0, 0.0, 0.0, 0.0, 0.0, 0.0, 0.0, 0.0, 0.0, 0.0, 0.0, 0.0, 0.0, 0.0, 0.0, 0.0, 0.0, 0.0, 0.0, 0.0, 0.0, 0.0, 0.0, 0.0, 0.0, 0.0, 0.0, 0.0, 0.0, 0.0, 0.0, 0.0, 0.0, 0.0, 0.0, 0.0, 0.0, 0.0, 0.0, 0.0, 0.0, 0.0, 0.0, 0.0, 0.0, 0.0, 0.0, 0.0, 0.0, 0.0",,,
1956,579,475,581,554,559,608,"580, 611, 632",,,486,"528, 541, 577, 578",,,,"501, 593, 606, 607",,,,"482, 537, 547, 624, 627, 633",,,,,,"583, 622",,555,"347, 356, 427, 429, 449, 456, 476, 479, 483, 496, 498, 506, 509, 512, 513, 514, 516, 520, 525, 526, 529, 532, 533, 538, 556, 558, 561, 562, 585, 586, 589, 592, 594, 595, 596, 597, 609, 610, 612, 615, 619, 620, 623, 625, 626, 628, 629, 630, 631, 634, 635, 636, 637, 638, 639, 640, 641, 806",,30.0,27.0,25.0,22.0,8.0,7.5,"6.0, 6.0, 6.0",,,5.0,"4.0, 4.0, 4.0, 4.0",,,,"3.0, 3.0, 3.0, 3.0",,,,"2.0, 2.0, 2.0, 2.0, 2.0, 2.0",,,,,,"1.5, 1.5",,1.0,"0.0, 0.0, 0.0, 0.0, 0.0, 0.0, 0.0, 0.0, 0.0, 0.0, 0.0, 0.0, 0.0, 0.0, 0.0, 0.0, 0.0, 0.0, 0.0, 0.0, 0.0, 0.0, 0.0, 0.0, 0.0, 0.0, 0.0, 0.0, 0.0, 0.0, 0.0, 0.0, 0.0, 0.0, 0.0, 0.0, 0.0, 0.0, 0.0, 0.0, 0.0, 0.0, 0.0, 0.0, 0.0, 0.0, 0.0, 0.0, 0.0, 0.0, 0.0, 0.0, 0.0, 0.0, 0.0, 0.0, 0.0, 0.0",
1957,579,475,577,578,479,"418, 501",,"581, 611",,509,554,"427, 590",,"476, 496, 525",,,555,"456, 612",,"483, 498, 606",,,"347, 356, 430, 431, 449, 459, 478, 484, 486, 506, 512, 513, 514, 516, 520, 526, 527, 528, 529, 532, 533, 538, 541, 547, 549, 556, 558, 560, 562, 563, 565, 573, 580, 586, 592, 593, 594, 596, 597, 601, 607, 608, 609, 610, 613, 614, 615, 616, 617, 618, 619, 620, 621, 638",,,,,,,40.0,25.0,16.0,13.0,11.0,"10.0, 10.0",,"8.0, 8.0",,7.0,6.0,"5.0, 5.0",,"4.0, 4.0, 4.0",,,3.0,"2.0, 2.0",,"1.0, 1.0, 1.0",,,"0.0, 0.0, 0.0, 0.0, 0.0, 0.0, 0.0, 0.0, 0.0, 0.0, 0.0, 0.0, 0.0, 0.0, 0.0, 0.0, 0.0, 0.0, 0.0, 0.0, 0.0, 0.0, 0.0, 0.0, 0.0, 0.0, 0.0, 0.0, 0.0, 0.0, 0.0, 0.0, 0.0, 0.0, 0.0, 0.0, 0.0, 0.0, 0.0, 0.0, 0.0, 0.0, 0.0, 0.0, 0.0, 0.0, 0.0, 0.0, 0.0, 0.0, 0.0, 0.0, 0.0, 0.0",,,,,,
1958,578,475,479,456,"501, 581",,"427, 577",,590,"403, 476, 554",,,525,579,591,"529, 533",,"347, 356, 477",,,509,"289, 360, 418, 430, 431, 437, 449, 455, 459, 478, 482, 483, 484, 486, 496, 502, 510, 512, 513, 514, 516, 523, 526, 527, 528, 531, 536, 537, 539, 541, 543, 547, 549, 551, 553, 555, 558, 560, 562, 563, 564, 565, 566, 580, 582, 583, 584, 585, 586, 587, 588, 589, 592, 593, 594, 595, 596, 597, 598, 599, 600, 601, 602, 603, 604, 605",,,,,,,,42.0,41.0,24.0,15.0,"14.0, 14.0",,"12.0, 12.0",,11.0,"9.0, 9.0, 9.0",,,8.0,7.0,6.0,"4.0, 4.0",,"3.0, 3.0, 3.0",,,2.0,"0.0, 0.0, 0.0, 0.0, 0.0, 0.0, 0.0, 0.0, 0.0, 0.0, 0.0, 0.0, 0.0, 0.0, 0.0, 0.0, 0.0, 0.0, 0.0, 0.0, 0.0, 0.0, 0.0, 0.0, 0.0, 0.0, 0.0, 0.0, 0.0, 0.0, 0.0, 0.0, 0.0, 0.0, 0.0, 0.0, 0.0, 0.0, 0.0, 0.0, 0.0, 0.0, 0.0, 0.0, 0.0, 0.0, 0.0, 0.0, 0.0, 0.0, 0.0, 0.0, 0.0, 0.0, 0.0, 0.0, 0.0, 0.0, 0.0, 0.0, 0.0, 0.0, 0.0, 0.0, 0.0, 0.0",,,,,,,
1959,356,479,475,403,427,360,364,"347, 418",,449,509,"404, 501, 512",,,"482, 529",,"477, 510, 554",,,"289, 353, 376, 387, 401, 430, 432, 437, 441, 456, 462, 465, 476, 478, 481, 483, 484, 486, 502, 505, 506, 511, 513, 514, 516, 517, 518, 520, 522, 525, 527, 528, 531, 533, 535, 536, 537, 538, 540, 541, 542, 543, 549, 550, 551, 552, 553, 555, 556, 557, 558, 559, 560, 561, 562, 563, 564, 565, 566, 567, 568, 569, 570, 571, 572, 573, 574, 575, 576",,,,,,,,,,31.0,27.0,25.5,20.0,19.0,16.5,13.0,"10.0, 10.0",,8.0,6.0,"5.0, 5.0, 5.0",,,"3.0, 3.0",,"2.0, 2.0, 2.0",,,"0.0, 0.0, 0.0, 0.0, 0.0, 0.0, 0.0, 0.0, 0.0, 0.0, 0.0, 0.0, 0.0, 0.0, 0.0, 0.0, 0.0, 0.0, 0.0, 0.0, 0.0, 0.0, 0.0, 0.0, 0.0, 0.0, 0.0, 0.0, 0.0, 0.0, 0.0, 0.0, 0.0, 0.0, 0.0, 0.0, 0.0, 0.0, 0.0, 0.0, 0.0, 0.0, 0.0, 0.0, 0.0, 0.0, 0.0, 0.0, 0.0, 0.0, 0.0, 0.0, 0.0, 0.0, 0.0, 0.0, 0.0, 0.0, 0.0, 0.0, 0.0, 0.0, 0.0, 0.0, 0.0, 0.0, 0.0, 0.0, 0.0",,,,,,,,,
1960,356,360,475,404,403,"476, 482",,"373, 386, 509",,,479,"341, 449, 477",,,"289, 347, 435, 510",,,,"481, 496, 511, 543",,,,512,"376, 478, 513, 541",,,,"353, 364, 398, 418, 427, 430, 431, 432, 437, 439, 440, 455, 456, 465, 483, 484, 486, 491, 494, 497, 498, 499, 500, 501, 502, 503, 504, 505, 506, 507, 508, 514, 515, 516, 517, 518, 519, 520, 521, 522, 523, 524, 525, 526, 527, 528, 529, 530, 531, 532, 533, 534, 535, 536, 537, 538, 539, 540, 542, 544, 545, 546, 547, 548",,43.0,34.0,19.0,18.0,16.0,"10.0, 10.0",,"8.0, 8.0, 8.0",,,7.0,"6.0, 6.0, 6.0",,,"4.0, 4.0, 4.0, 4.0",,,,"3.0, 3.0, 3.0, 3.0",,,,2.0,"1.0, 1.0, 1.0, 1.0",,,,"0.0, 0.0, 0.0, 0.0, 0.0, 0.0, 0.0, 0.0, 0.0, 0.0, 0.0, 0.0, 0.0, 0.0, 0.0, 0.0, 0.0, 0.0, 0.0, 0.0, 0.0, 0.0, 0.0, 0.0, 0.0, 0.0, 0.0, 0.0, 0.0, 0.0, 0.0, 0.0, 0.0, 0.0, 0.0, 0.0, 0.0, 0.0, 0.0, 0.0, 0.0, 0.0, 0.0, 0.0, 0.0, 0.0, 0.0, 0.0, 0.0, 0.0, 0.0, 0.0, 0.0, 0.0, 0.0, 0.0, 0.0, 0.0, 0.0, 0.0, 0.0, 0.0, 0.0, 0.0",
1961,403,476,"364, 475",,386,404,"360, 373",,394,479,"341, 356",,"289, 347, 453, 482",,,,456,"376, 385, 401, 408, 418, 424, 425, 427, 428, 429, 430, 431, 433, 434, 435, 436, 437, 440, 441, 444, 447, 454, 455, 459, 460, 465, 467, 468, 477, 478, 480, 481, 483, 484, 485, 486, 487, 488, 489, 490, 491, 492, 493, 494, 495",,,,,,,,,,,,34.0,33.0,"21.0, 21.0",,16.0,12.0,"11.0, 11.0",,9.0,6.0,"4.0, 4.0",,"3.0, 3.0, 3.0, 3.0",,,,2.0,"0.0, 0.0, 0.0, 0.0, 0.0, 0.0, 0.0, 0.0, 0.0, 0.0, 0.0, 0.0, 0.0, 0.0, 0.0, 0.0, 0.0, 0.0, 0.0, 0.0, 0.0, 0.0, 0.0, 0.0, 0.0, 0.0, 0.0, 0.0, 0.0, 0.0, 0.0, 0.0, 0.0, 0.0, 0.0, 0.0, 0.0, 0.0, 0.0, 0.0, 0.0, 0.0, 0.0, 0.0, 0.0",,,,,,,,,,,
1962,289,373,360,341,364,403,408,386,356,401,394,"385, 454",,"347, 435",,"404, 430",,"410, 418",,"340, 346, 368, 376, 397, 411, 413, 424, 425, 427, 428, 434, 436, 437, 438, 439, 440, 442, 444, 445, 446, 453, 455, 456, 457, 458, 459, 460, 461, 462, 463, 464, 465, 466, 467, 468, 469, 470, 471, 472, 473, 474",,,,,,,,,,42.0,30.0,27.0,19.0,15.0,14.0,13.0,10.0,9.0,6.0,5.0,"4.0, 4.0",,"3.0, 3.0",,"2.0, 2.0",,"1.0, 1.0",,"0.0, 0.0, 0.0, 0.0, 0.0, 0.0, 0.0, 0.0, 0.0, 0.0, 0.0, 0.0, 0.0, 0.0, 0.0, 0.0, 0.0, 0.0, 0.0, 0.0, 0.0, 0.0, 0.0, 0.0, 0.0, 0.0, 0.0, 0.0, 0.0, 0.0, 0.0, 0.0, 0.0, 0.0, 0.0, 0.0, 0.0, 0.0, 0.0, 0.0, 0.0, 0.0",,,,,,,,,
1963,373,"289, 386",,341,364,360,356,408,"347, 385, 404",,,"423, 440",,430,"346, 375, 401",,,"278, 305, 310, 340, 345, 362, 368, 374, 376, 382, 383, 394, 397, 403, 407, 409, 410, 411, 412, 413, 418, 420, 427, 428, 429, 432, 433, 434, 435, 436, 437, 438, 439, 441, 442, 443, 444, 445, 446, 447, 448, 449, 450, 451, 452",,,,,,,,,,,,54.0,"29.0, 29.0",,22.0,19.0,17.0,14.0,9.0,"6.0, 6.0, 6.0",,,"3.0, 3.0",,2.0,"1.0, 1.0, 1.0",,,"0.0, 0.0, 0.0, 0.0, 0.0, 0.0, 0.0, 0.0, 0.0, 0.0, 0.0, 0.0, 0.0, 0.0, 0.0, 0.0, 0.0, 0.0, 0.0, 0.0, 0.0, 0.0, 0.0, 0.0, 0.0, 0.0, 0.0, 0.0, 0.0, 0.0, 0.0, 0.0, 0.0, 0.0, 0.0, 0.0, 0.0, 0.0, 0.0, 0.0, 0.0, 0.0, 0.0, 0.0, 0.0",,,,,,,,,,,
1964,341,289,373,"385, 386",,364,360,"356, 397",,346,383,"374, 404, 408",,,347,"278, 427, 433",,,"305, 345, 401, 403",,,,"309, 340, 358, 370, 375, 380, 382, 394, 399, 402, 405, 420, 423, 428, 429, 430, 431, 432, 434",,,,,,,40.0,39.0,32.0,"23.0, 23.0",,19.0,13.0,"11.0, 11.0",,7.0,5.0,"4.0, 4.0, 4.0",,,3.0,"2.0, 2.0, 2.0",,,"1.0, 1.0, 1.0, 1.0",,,,"0.0, 0.0, 0.0, 0.0, 0.0, 0.0, 0.0, 0.0, 0.0, 0.0, 0.0, 0.0, 0.0, 0.0, 0.0, 0.0, 0.0, 0.0, 0.0",,,,,,
1965,373,289,328,364,341,385,386,"360, 374",,356,"304, 346",,358,"345, 370, 405",,,"278, 293, 305, 334, 340, 347, 362, 368, 375, 376, 380, 382, 383, 394, 396, 402, 404, 406, 407, 408, 409, 410, 411, 412, 413, 414, 415, 416, 417, 418, 419, 420, 421, 422, 423, 424, 425, 426",,,,,,,,,,,,,54.0,40.0,33.0,25.0,17.0,13.0,11.0,"10.0, 10.0",,9.0,"5.0, 5.0",,4.0,"2.0, 2.0, 2.0",,,"0.0, 0.0, 0.0, 0.0, 0.0, 0.0, 0.0, 0.0, 0.0, 0.0, 0.0, 0.0, 0.0, 0.0, 0.0, 0.0, 0.0, 0.0, 0.0, 0.0, 0.0, 0.0, 0.0, 0.0, 0.0, 0.0, 0.0, 0.0, 0.0, 0.0, 0.0, 0.0, 0.0, 0.0, 0.0, 0.0, 0.0, 0.0",,,,,,,,,,,,
1966,356,341,358,304,289,373,328,"385, 387",,375,386,"364, 374",,"346, 360, 396",,,"347, 383, 397, 399",,,,"278, 345, 382, 388, 389, 394, 398, 400, 401, 402, 403, 404, 405",,,,,,,,,42.0,28.0,22.0,18.0,17.0,16.0,14.0,"12.0, 12.0",,9.0,5.0,"4.0, 4.0",,"3.0, 3.0, 3.0",,,"1.0, 1.0, 1.0, 1.0",,,,"0.0, 0.0, 0.0, 0.0, 0.0, 0.0, 0.0, 0.0, 0.0, 0.0, 0.0, 0.0, 0.0",,,,,,,,
1967,304,356,373,"278, 341",,"289, 345",,364,328,374,"340, 346, 358",,,"347, 360",,"383, 387, 388",,,"235, 375, 389",,,"262, 293, 306, 322, 351, 359, 361, 365, 368, 370, 371, 377, 379, 382, 384, 385, 386, 390, 391, 392, 393, 394, 395",,,,,,,,51.0,46.0,41.0,"20.0, 20.0",,"15.0, 15.0",,13.0,10.0,9.0,"6.0, 6.0, 6.0",,,"3.0, 3.0",,"2.0, 2.0, 2.0",,,"1.0, 1.0, 1.0",,,"0.0, 0.0, 0.0, 0.0, 0.0, 0.0, 0.0, 0.0, 0.0, 0.0, 0.0, 0.0, 0.0, 0.0, 0.0, 0.0, 0.0, 0.0, 0.0, 0.0, 0.0, 0.0, 0.0",,,,,,,
1968,289,328,304,235,360,345,"341, 346",,306,278,373,358,"262, 359, 370, 375",,,,"350, 376",,"312, 361",,"347, 364",,"351, 356",,"207, 280, 293, 321, 322, 333, 334, 340, 343, 365, 368, 369, 374, 377, 378, 379, 380, 381, 382",,,,,48.0,36.0,33.0,27.0,22.0,18.0,"12.0, 12.0",,11.0,10.0,9.0,8.0,"6.0, 6.0, 6.0, 6.0",,,,"5.0, 5.0",,"4.0, 4.0",,"3.0, 3.0",,"2.0, 2.0",,"0.0, 0.0, 0.0, 0.0, 0.0, 0.0, 0.0, 0.0, 0.0, 0.0, 0.0, 0.0, 0.0, 0.0, 0.0, 0.0, 0.0, 0.0, 0.0",,,,
1969,328,235,360,358,306,304,289,361,346,356,341,278,"345, 350, 370",,,"262, 351, 359",,,"207, 321, 340, 343, 347, 352, 353, 357, 362, 368, 369, 372",,,,,,,,,,,63.0,37.0,26.0,22.0,21.0,20.0,19.0,16.0,15.0,14.0,6.0,4.0,"3.0, 3.0, 3.0",,,"1.0, 1.0, 1.0",,,"0.0, 0.0, 0.0, 0.0, 0.0, 0.0, 0.0, 0.0, 0.0, 0.0, 0.0, 0.0",,,,,,,,,,
1970,358,235,223,304,"328, 356",,"278, 345",,306,224,243,280,289,360,"207, 317",,"341, 363",,"262, 357, 359",,,"320, 321, 327, 364",,,,"238, 293, 312, 314, 330, 333, 339, 340, 346, 347, 351, 352, 353, 361, 362, 365, 366, 367",,,,45.0,40.0,33.0,27.0,"25.0, 25.0",,"23.0, 23.0",,16.0,12.0,10.0,8.0,7.0,6.0,"4.0, 4.0",,"3.0, 3.0",,"2.0, 2.0, 2.0",,,"1.0, 1.0, 1.0, 1.0",,,,"0.0, 0.0, 0.0, 0.0, 0.0, 0.0, 0.0, 0.0, 0.0, 0.0, 0.0, 0.0, 0.0, 0.0, 0.0, 0.0, 0.0, 0.0",,,
1971,328,238,327,"235, 346",,224,223,207,"278, 304, 317, 320, 345",,,,,"307, 314",,"280, 288",,"243, 305, 341",,,289,306,"182, 197, 262, 293, 298, 309, 312, 321, 322, 329, 330, 333, 334, 337, 338, 339, 340, 342, 344, 347, 348, 349, 350, 351, 352, 353, 354, 355",,,,,,,62.0,33.0,26.0,"19.0, 19.0",,16.0,13.0,12.0,"9.0, 9.0, 9.0, 9.0, 9.0",,,,,"5.0, 5.0",,"4.0, 4.0",,"3.0, 3.0, 3.0",,,2.0,1.0,"0.0, 0.0, 0.0, 0.0, 0.0, 0.0, 0.0, 0.0, 0.0, 0.0, 0.0, 0.0, 0.0, 0.0, 0.0, 0.0, 0.0, 0.0, 0.0, 0.0, 0.0, 0.0, 0.0, 0.0, 0.0, 0.0, 0.0, 0.0",,,,,,
1972,224,328,304,235,309,"223, 327",,305,"238, 278",,306,"207, 289, 307, 312",,,,"199, 250, 333",,,314,"232, 320",,"182, 221, 222, 243, 262, 280, 290, 293, 296, 317, 321, 329, 330, 337, 338, 339, 340, 341, 342, 343, 344",,,,,,,,61.0,45.0,39.0,27.0,23.0,"15.0, 15.0",,13.0,"12.0, 12.0",,9.0,"4.0, 4.0, 4.0, 4.0",,,,"3.0, 3.0, 3.0",,,2.0,"1.0, 1.0",,"0.0, 0.0, 0.0, 0.0, 0.0, 0.0, 0.0, 0.0, 0.0, 0.0, 0.0, 0.0, 0.0, 0.0, 0.0, 0.0, 0.0, 0.0, 0.0, 0.0, 0.0",,,,,,,
1973,328,224,238,327,309,304,199,231,235,306,250,232,332,262,"290, 333",,"182, 223",,"278, 298, 307",,,"187, 197, 200, 222, 243, 259, 280, 289, 292, 293, 305, 313, 314, 317, 320, 329, 330, 331, 334, 335, 336",,,,,,,,71.0,55.0,52.0,47.0,38.0,26.0,16.0,14.0,12.0,9.0,7.0,6.0,5.0,4.0,"3.0, 3.0",,"2.0, 2.0",,"1.0, 1.0, 1.0",,,"0.0, 0.0, 0.0, 0.0, 0.0, 0.0, 0.0, 0.0, 0.0, 0.0, 0.0, 0.0, 0.0, 0.0, 0.0, 0.0, 0.0, 0.0, 0.0, 0.0, 0.0",,,,,,,
1974,224,223,222,182,238,199,304,231,221,"235, 305",,250,306,"187, 197",,233,232,"230, 252, 289",,,"172, 200, 207, 219, 243, 251, 256, 259, 265, 267, 269, 270, 275, 278, 280, 283, 288, 292, 293, 296, 298, 300, 307, 308, 309, 310, 311, 312, 313, 314, 315, 316, 317, 318, 319, 320, 321, 322, 323, 324, 325, 326",,,,,,,,,55.0,52.0,45.0,38.0,35.0,32.0,20.0,15.0,14.0,"12.0, 12.0",,11.0,10.0,"6.0, 6.0",,5.0,4.0,"1.0, 1.0, 1.0",,,"0.0, 0.0, 0.0, 0.0, 0.0, 0.0, 0.0, 0.0, 0.0, 0.0, 0.0, 0.0, 0.0, 0.0, 0.0, 0.0, 0.0, 0.0, 0.0, 0.0, 0.0, 0.0, 0.0, 0.0, 0.0, 0.0, 0.0, 0.0, 0.0, 0.0, 0.0, 0.0, 0.0, 0.0, 0.0, 0.0, 0.0, 0.0, 0.0, 0.0, 0.0, 0.0",,,,,,,,
1975,182,224,199,231,223,250,"200, 222",,221,252,230,"172, 238",,207,288,235,178,197,"294, 298",,275,"187, 205, 219, 229, 232, 233, 239, 243, 245, 251, 254, 267, 270, 276, 277, 278, 282, 283, 289, 290, 291, 292, 293, 295, 296, 297, 299, 300, 301, 302, 303",,,,,,,,64.5,45.0,37.0,33.0,25.0,24.0,"20.0, 20.0",,12.0,8.0,6.5,"6.0, 6.0",,5.0,4.0,3.0,2.0,1.5,"1.0, 1.0",,0.5,"0.0, 0.0, 0.0, 0.0, 0.0, 0.0, 0.0, 0.0, 0.0, 0.0, 0.0, 0.0, 0.0, 0.0, 0.0, 0.0, 0.0, 0.0, 0.0, 0.0, 0.0, 0.0, 0.0, 0.0, 0.0, 0.0, 0.0, 0.0, 0.0, 0.0, 0.0",,,,,,,
1976,231,182,222,221,223,207,"172, 187",,200,255,"238, 252",,233,"178, 250",,"199, 224",,278,"230, 243",,"197, 208, 229, 232, 235, 237, 239, 242, 245, 246, 251, 253, 254, 256, 257, 258, 260, 265, 270, 271, 273, 274, 275, 276, 277, 279, 280, 281, 282, 283, 284, 285, 286, 287",,,,,,,,,69.0,68.0,49.0,39.0,31.0,22.0,"20.0, 20.0",,19.0,11.0,"10.0, 10.0",,8.0,"7.0, 7.0",,"3.0, 3.0",,2.0,"1.0, 1.0",,"0.0, 0.0, 0.0, 0.0, 0.0, 0.0, 0.0, 0.0, 0.0, 0.0, 0.0, 0.0, 0.0, 0.0, 0.0, 0.0, 0.0, 0.0, 0.0, 0.0, 0.0, 0.0, 0.0, 0.0, 0.0, 0.0, 0.0, 0.0, 0.0, 0.0, 0.0, 0.0, 0.0, 0.0",,,,,,,,
1977,182,222,207,199,231,200,178,"221, 255",,172,233,224,187,238,"230, 250",,"175, 223",,"119, 197, 254",,,"152, 203, 205, 208, 211, 212, 219, 220, 229, 232, 235, 237, 239, 240, 241, 245, 246, 247, 251, 252, 253, 256, 257, 258, 259, 260, 261, 262, 263, 264, 265, 266, 267, 268, 269, 270, 271, 272, 273, 274",,,,,,,,72.0,55.0,47.0,42.0,40.0,25.0,22.0,"20.0, 20.0",,18.0,12.0,11.0,9.0,7.0,"6.0, 6.0",,"5.0, 5.0",,"1.0, 1.0, 1.0",,,"0.0, 0.0, 0.0, 0.0, 0.0, 0.0, 0.0, 0.0, 0.0, 0.0, 0.0, 0.0, 0.0, 0.0, 0.0, 0.0, 0.0, 0.0, 0.0, 0.0, 0.0, 0.0, 0.0, 0.0, 0.0, 0.0, 0.0, 0.0, 0.0, 0.0, 0.0, 0.0, 0.0, 0.0, 0.0, 0.0, 0.0, 0.0, 0.0, 0.0",,,,,,,
1978,207,238,199,182,221,187,222,172,"203, 224",,"119, 178",,"175, 231",,202,223,219,233,"206, 212, 230",,,"137, 152, 158, 163, 177, 197, 200, 208, 209, 211, 213, 229, 232, 235, 239, 240, 241, 242, 243, 244, 245, 246, 247, 248, 249",,,,,,,,64.0,51.0,48.0,44.0,34.0,25.0,24.0,19.0,"17.0, 17.0",,"11.0, 11.0",,"8.0, 8.0",,7.0,4.0,3.0,2.0,"1.0, 1.0, 1.0",,,"0.0, 0.0, 0.0, 0.0, 0.0, 0.0, 0.0, 0.0, 0.0, 0.0, 0.0, 0.0, 0.0, 0.0, 0.0, 0.0, 0.0, 0.0, 0.0, 0.0, 0.0, 0.0, 0.0, 0.0, 0.0",,,,,,,
1979,222,203,178,172,223,"199, 221",,163,187,"197, 202, 207",,,219,182,"137, 173, 200, 235",,,,"119, 233",,224,"136, 152, 175, 176, 177, 206, 209, 212, 217, 230, 231, 232, 234, 236, 237",,,,,,,,51.0,47.0,40.0,36.0,29.0,"20.0, 20.0",,17.0,15.0,"14.0, 14.0, 14.0",,,9.0,4.0,"3.0, 3.0, 3.0, 3.0",,,,"2.0, 2.0",,1.0,"0.0, 0.0, 0.0, 0.0, 0.0, 0.0, 0.0, 0.0, 0.0, 0.0, 0.0, 0.0, 0.0, 0.0, 0.0",,,,,,,
1980,178,137,199,172,202,163,173,219,119,"177, 187, 197, 203, 206",,,,,"117, 224",,"152, 200",,222,"207, 212",,"95, 110, 136, 140, 158, 176, 181, 191, 209, 211, 214, 217, 221, 223, 225, 226, 227, 228, 229, 230",,,,,,,,67.0,54.0,42.0,34.0,32.0,29.0,13.0,9.0,7.0,"6.0, 6.0, 6.0, 6.0, 6.0",,,,,"5.0, 5.0",,"4.0, 4.0",,2.0,"1.0, 1.0",,"0.0, 0.0, 0.0, 0.0, 0.0, 0.0, 0.0, 0.0, 0.0, 0.0, 0.0, 0.0, 0.0, 0.0, 0.0, 0.0, 0.0, 0.0, 0.0, 0.0",,,,,,,
1981,137,199,178,172,117,187,203,173,"163, 212",,"119, 158",,202,95,152,176,207,"110, 175, 194, 201",,,,"105, 118, 136, 160, 177, 192, 197, 198, 205, 206, 213, 214, 215, 216, 217, 218, 219, 220",,,,,,,,50.0,49.0,46.0,44.0,43.0,27.0,25.0,14.0,"11.0, 11.0",,"10.0, 10.0",,9.0,8.0,7.0,4.0,3.0,"1.0, 1.0, 1.0, 1.0",,,,"0.0, 0.0, 0.0, 0.0, 0.0, 0.0, 0.0, 0.0, 0.0, 0.0, 0.0, 0.0, 0.0, 0.0, 0.0, 0.0, 0.0, 0.0",,,,,,,
1982,177,"187, 202",,117,182,163,"105, 175",,173,119,137,158,206,95,"199, 203",,"110, 172",,207,"176, 197",,"152, 181, 184, 194",,,,192,"90, 118, 136, 170, 195, 196, 200, 201, 204, 205, 208, 209, 210, 211",,,44.0,"39.0, 39.0",,34.0,30.0,28.0,"25.0, 25.0",,23.0,21.0,20.0,15.0,8.0,7.0,"6.0, 6.0",,"5.0, 5.0",,4.0,"3.0, 3.0",,"2.0, 2.0, 2.0, 2.0",,,,1.0,"0.0, 0.0, 0.0, 0.0, 0.0, 0.0, 0.0, 0.0, 0.0, 0.0, 0.0, 0.0, 0.0, 0.0",,
1983,137,117,163,175,177,"158, 187",,110,119,182,172,"95, 105",,118,176,184,"173, 193",,"152, 188",,"123, 140, 156, 160, 168, 178, 181, 186, 190, 192, 194, 195, 196, 197, 198",,,,,,,,,59.0,57.0,49.0,40.0,27.0,"22.0, 22.0",,15.0,13.0,12.0,11.0,"10.0, 10.0",,9.0,4.0,3.0,"2.0, 2.0",,"1.0, 1.0",,"0.0, 0.0, 0.0, 0.0, 0.0, 0.0, 0.0, 0.0, 0.0, 0.0, 0.0, 0.0, 0.0, 0.0, 0.0",,,,,,,,
1984,182,117,173,105,137,163,118,177,"95, 102",,175,170,119,"123, 172",,"110, 140, 158",,,160,176,"77, 84, 94, 112, 156, 166, 179, 181, 183, 184, 185, 188, 189, 190, 191",,,,,,,,,72.0,71.5,34.0,30.5,29.0,27.0,23.0,20.5,"13.0, 13.0",,11.0,9.0,8.0,"5.0, 5.0",,"3.0, 3.0, 3.0",,,2.0,1.0,"0.0, 0.0, 0.0, 0.0, 0.0, 0.0, 0.0, 0.0, 0.0, 0.0, 0.0, 0.0, 0.0, 0.0, 0.0",,,,,,,,
1985,117,105,177,102,173,95,140,137,172,182,"123, 175",,"118, 176",,"166, 185",,"77, 110, 122, 163",,,,"84, 94, 112, 119, 156, 157, 158, 160, 170, 178, 179, 181, 183, 184, 186, 187",,,,,,,,,73.0,53.0,40.0,38.0,33.0,31.0,26.0,21.0,16.0,14.0,"11.0, 11.0",,"5.0, 5.0",,"4.0, 4.0",,"3.0, 3.0, 3.0, 3.0",,,,"0.0, 0.0, 0.0, 0.0, 0.0, 0.0, 0.0, 0.0, 0.0, 0.0, 0.0, 0.0, 0.0, 0.0, 0.0, 0.0",,,,,,,,
1986,117,95,137,102,140,177,77,"105, 163, 172",,,84,178,"166, 174",,"119, 170, 175",,,"112, 157",,"110, 118, 122, 123, 133, 145, 156, 158, 160, 173, 176, 179, 180",,,,,,,,,,72.0,70.0,69.0,55.0,23.0,22.0,17.0,"14.0, 14.0, 14.0",,,8.0,4.0,"3.0, 3.0",,"2.0, 2.0, 2.0",,,"1.0, 1.0",,"0.0, 0.0, 0.0, 0.0, 0.0, 0.0, 0.0, 0.0, 0.0, 0.0, 0.0, 0.0, 0.0",,,,,,,,,
1987,137,95,102,117,77,140,105,123,170,158,"138, 156",,119,"110, 166",,"112, 118",,84,"90, 122, 163",,,"78, 99, 114, 131, 133, 145, 157, 160, 167, 169, 171",,,,,,,,73.0,61.0,57.0,46.0,36.0,30.0,17.0,16.0,12.0,8.0,"7.0, 7.0",,6.0,"4.0, 4.0",,"3.0, 3.0",,2.0,"1.0, 1.0, 1.0",,,"0.0, 0.0, 0.0, 0.0, 0.0, 0.0, 0.0, 0.0, 0.0, 0.0, 0.0",,,,,,,
1988,102,117,77,123,105,137,"118, 122",,"95, 145",,119,158,"127, 156",,110,"94, 138",,"78, 84, 88, 99, 112, 114, 131, 133, 140, 141, 146, 159, 160, 162, 163, 165, 166, 167, 168",,,,,,,,,,,,90.0,87.0,41.0,27.0,24.0,22.0,"17.0, 17.0",,"12.0, 12.0",,8.0,6.0,"5.0, 5.0",,3.0,"1.0, 1.0",,"0.0, 0.0, 0.0, 0.0, 0.0, 0.0, 0.0, 0.0, 0.0, 0.0, 0.0, 0.0, 0.0, 0.0, 0.0, 0.0, 0.0, 0.0, 0.0",,,,,,,,,,,
1989,117,102,119,95,123,145,77,137,55,118,"105, 140, 158",,,"65, 94",,"84, 110, 127, 131, 133",,,,,"138, 157",,"139, 156, 163",,,"99, 112, 129, 159",,,"78, 88, 90, 92, 103, 109, 114, 122, 134, 146, 147, 148, 151, 160, 161, 162, 164, 165",76.0,60.0,40.0,38.0,37.0,32.0,21.0,12.0,8.0,7.0,"6.0, 6.0, 6.0",,,"5.0, 5.0",,"4.0, 4.0, 4.0, 4.0, 4.0",,,,,"3.0, 3.0",,"2.0, 2.0, 2.0",,,"1.0, 1.0, 1.0, 1.0",,,"0.0, 0.0, 0.0, 0.0, 0.0, 0.0, 0.0, 0.0, 0.0, 0.0, 0.0, 0.0, 0.0, 0.0, 0.0, 0.0, 0.0, 0.0"
1990,102,117,"77, 137",,95,123,119,145,55,"88, 90, 122",,,103,"118, 138",,"131, 133",,127,"65, 78, 81, 92, 94, 99, 101, 105, 109, 110, 112, 114, 129, 139, 140, 146, 147, 148, 149, 150, 151, 152",,,,,,,,,,,78.0,71.0,"43.0, 43.0",,37.0,34.0,23.0,21.0,13.0,"6.0, 6.0, 6.0",,,5.0,"3.0, 3.0",,"2.0, 2.0",,1.0,"0.0, 0.0, 0.0, 0.0, 0.0, 0.0, 0.0, 0.0, 0.0, 0.0, 0.0, 0.0, 0.0, 0.0, 0.0, 0.0, 0.0, 0.0, 0.0, 0.0, 0.0, 0.0",,,,,,,,,,
1991,102,95,119,77,117,137,55,131,110,90,94,"30, 92, 109",,,"57, 84, 138",,,"87, 88, 103, 122, 139, 141",,,,,,81,"65, 70, 78, 91, 99, 100, 105, 120, 123, 127, 128, 129, 133, 140, 142, 143, 144",,,,,96.0,72.0,53.0,43.0,34.0,26.5,21.0,10.0,9.0,8.0,6.0,"4.0, 4.0, 4.0",,,"2.0, 2.0, 2.0",,,"1.0, 1.0, 1.0, 1.0, 1.0, 1.0",,,,,,0.5,"0.0, 0.0, 0.0, 0.0, 0.0, 0.0, 0.0, 0.0, 0.0, 0.0, 0.0, 0.0, 0.0, 0.0, 0.0, 0.0, 0.0",,,,
1992,95,119,30,102,77,84,55,57,110,105,100,"91, 122",,"65, 94, 123",,,"92, 104, 131",,,"71, 78, 79, 81, 88, 99, 108, 109, 125, 127, 128, 129, 136",,,,,,,,,,108.0,56.0,53.0,50.0,49.0,38.0,18.0,11.0,8.0,6.0,4.0,"3.0, 3.0",,"2.0, 2.0, 2.0",,,"1.0, 1.0, 1.0",,,"0.0, 0.0, 0.0, 0.0, 0.0, 0.0, 0.0, 0.0, 0.0, 0.0, 0.0, 0.0, 0.0",,,,,,,,,
1993,117,102,71,30,119,55,84,77,65,87,"91, 121",,"104, 109",,"57, 118",,"22, 112, 120",,,"56, 70, 100",,,"69, 79, 83, 88, 94, 105, 110, 123, 126",,,,,,,99.0,73.0,69.0,52.0,20.0,16.0,13.0,12.0,11.0,10.0,"7.0, 7.0",,"5.0, 5.0",,"4.0, 4.0",,"2.0, 2.0, 2.0",,,"1.0, 1.0, 1.0",,,"0.0, 0.0, 0.0, 0.0, 0.0, 0.0, 0.0, 0.0, 0.0",,,,,,
1994,30,71,77,57,55,22,84,14,95,50,44,87,49,"56, 78, 104",,,79,"91, 94, 103, 110",,,,81,100,"105, 109",,"63, 65, 70, 83, 85, 88, 89, 92, 93, 98, 101, 102, 106, 107, 108, 111, 112, 113, 114, 115, 116",,,,92.0,91.0,41.0,26.0,24.0,19.0,16.0,14.0,13.0,10.0,9.0,8.0,7.0,"6.0, 6.0, 6.0",,,5.0,"4.0, 4.0, 4.0, 4.0",,,,3.0,2.0,"1.0, 1.0",,"0.0, 0.0, 0.0, 0.0, 0.0, 0.0, 0.0, 0.0, 0.0, 0.0, 0.0, 0.0, 0.0, 0.0, 0.0, 0.0, 0.0, 0.0, 0.0, 0.0, 0.0",,,
1995,30,71,14,65,55,77,57,44,49,87,22,56,84,"63, 81",,96,"83, 88",,"50, 64, 69, 76, 79, 85, 89, 90, 91, 92, 93, 94, 95, 97, 98, 99",,,,,,,,,,,102.0,69.0,49.0,45.0,42.0,31.0,17.0,16.0,15.0,13.0,11.0,10.0,7.0,"5.0, 5.0",,3.0,"1.0, 1.0",,"0.0, 0.0, 0.0, 0.0, 0.0, 0.0, 0.0, 0.0, 0.0, 0.0, 0.0, 0.0, 0.0, 0.0, 0.0, 0.0",,,,,,,,,,
1996,71,35,30,55,57,77,14,22,44,56,84,49,63,65,64,50,"21, 69, 73, 79, 83, 85, 86",,,,,,,,,,,,,97.0,78.0,59.0,47.0,31.0,21.0,18.0,14.0,13.0,11.0,8.0,7.0,5.0,4.0,2.0,1.0,"0.0, 0.0, 0.0, 0.0, 0.0, 0.0, 0.0",,,,,,,,,,,,
1997,35,30,49,"14, 55",,"57, 77",,56,21,44,65,23,71,22,25,15,"63, 64, 75",,,78,"50, 58, 76, 79, 81, 82",,,,,,,,,81.0,78.0,42.0,"36.0, 36.0",,"27.0, 27.0",,24.0,20.0,16.0,15.0,13.0,7.0,6.0,4.0,3.0,"2.0, 2.0, 2.0",,,1.0,"0.0, 0.0, 0.0, 0.0, 0.0, 0.0",,,,,,,,
1998,57,30,14,56,35,71,"25, 49",,21,23,55,22,"63, 64",,"15, 65, 76",,,"44, 50, 68, 73, 74, 75",,,,,,,,,,,,100.0,86.0,56.0,47.0,21.0,20.0,"17.0, 17.0",,16.0,14.0,9.0,4.0,"3.0, 3.0",,"1.0, 1.0, 1.0",,,"0.0, 0.0, 0.0, 0.0, 0.0, 0.0",,,,,,,,,,,
1999,57,56,49,14,30,23,22,65,21,63,"15, 71",,"25, 64",,"44, 55",,"37, 48",,"35, 41, 68, 69, 70",,,,,,,,,,,76.0,74.0,54.0,48.0,44.0,35.0,21.0,15.0,13.0,10.0,"7.0, 7.0",,"3.0, 3.0",,"2.0, 2.0",,"1.0, 1.0",,"0.0, 0.0, 0.0, 0.0, 0.0",,,,,,,,,,
2000,30,57,14,22,23,21,35,18,49,"15, 63",,50,56,41,"25, 37",,"2, 48, 54, 55, 60, 64, 65",,,,,,,,,,,,,108.0,89.0,73.0,62.0,24.0,18.0,17.0,12.0,11.0,"6.0, 6.0",,5.0,4.0,3.0,"2.0, 2.0",,"0.0, 0.0, 0.0, 0.0, 0.0, 0.0, 0.0",,,,,,,,,,,,
2001,30,14,22,23,57,31,"2, 15, 35",,,8,21,"49, 56",,"44, 55",,37,18,50,"4, 41, 54, 58, 59, 60, 61, 62",,,,,,,,,,,123.0,65.0,56.0,49.0,37.0,31.0,"12.0, 12.0, 12.0",,,9.0,8.0,"6.0, 6.0",,"5.0, 5.0",,3.0,2.0,1.0,"0.0, 0.0, 0.0, 0.0, 0.0, 0.0, 0.0, 0.0",,,,,,,,,,
2002,30,22,31,23,14,8,18,15,56,"2, 21",,"13, 35",,44,"11, 17, 49, 63",,,,"37, 59, 62, 66",,,,,,,,,,,144.0,77.0,50.0,42.0,41.0,24.0,14.0,9.0,8.0,"7.0, 7.0",,"4.0, 4.0",,3.0,"2.0, 2.0, 2.0, 2.0",,,,"0.0, 0.0, 0.0, 0.0",,,,,,,,,,
2003,30,8,31,22,23,4,14,15,"17, 18",,49,21,43,"2, 35, 44",,,48,11,"51, 52",,"42, 47, 50, 53",,,,,,,,,93.0,91.0,82.0,65.0,58.0,55.0,51.0,33.0,"17.0, 17.0",,13.0,12.0,10.0,"6.0, 6.0, 6.0",,,4.0,3.0,"1.0, 1.0",,"0.0, 0.0, 0.0, 0.0",,,,,,,,
2004,30,22,18,4,31,15,8,11,"14, 23",,21,13,17,"42, 44",,"2, 32, 43",,,10,47,"35, 41, 45, 46, 48",,,,,,,,,148.0,114.0,85.0,59.0,58.0,46.0,45.0,34.0,"24.0, 24.0",,22.0,12.0,7.0,"6.0, 6.0",,"3.0, 3.0, 3.0",,,2.0,1.0,"0.0, 0.0, 0.0, 0.0, 0.0",,,,,,,,
2005,4,8,30,31,21,23,15,22,18,17,2,14,13,"32, 35",,33,25,39,"27, 37",,40,42,"11, 24",,"19, 38, 41",,,,,133.0,112.0,62.0,60.0,58.0,45.0,43.0,38.0,37.0,36.0,28.0,24.0,11.0,"9.0, 9.0",,7.0,6.0,5.0,"4.0, 4.0",,3.0,2.0,"1.0, 1.0",,"0.0, 0.0, 0.0",,,,
2006,4,30,13,21,8,18,22,31,2,23,37,15,14,"17, 35",,9,3,32,24,"11, 26, 27, 29, 33, 34, 36, 38",,,,,,,,,,134.0,121.0,80.0,72.0,65.0,56.0,30.0,26.0,23.0,20.0,19.0,15.0,14.0,"7.0, 7.0",,6.0,4.0,2.0,1.0,"0.0, 0.0, 0.0, 0.0, 0.0, 0.0, 0.0, 0.0",,,,,,,,,
2007,8,"1, 4",,13,2,9,5,21,3,14,25,17,15,"18, 20",,23,11,24,16,"6, 19, 22, 26, 27, 29",,,,,,,,,,110.0,"109.0, 109.0",,94.0,61.0,39.0,30.0,21.0,20.0,14.0,13.0,10.0,8.0,"6.0, 6.0",,5.0,4.0,3.0,1.0,"0.0, 0.0, 0.0, 0.0, 0.0, 0.0",,,,,,,,,
2008,1,13,"8, 9",,4,2,5,20,15,10,17,12,3,22,6,14,7,18,"11, 16, 19, 21",,,,,,,,,,,98.0,97.0,"75.0, 75.0",,61.0,60.0,53.0,35.0,31.0,25.0,21.0,19.0,17.0,11.0,9.0,8.0,4.0,3.0,"0.0, 0.0, 0.0, 0.0",,,,,,,,,,
2009,18,20,22,17,1,8,3,15,4,10,"5, 13",,2,9,21,67,16,155,7,"6, 12, 24, 69, 153, 154",,,,,,,,,,95.0,84.0,77.0,69.5,49.0,48.0,34.5,32.5,26.0,24.0,"22.0, 22.0",,19.0,17.0,8.0,6.0,5.0,3.0,2.0,"0.0, 0.0, 0.0, 0.0, 0.0, 0.0",,,,,,,,,
2010,20,4,17,1,18,13,3,9,30,"16, 22",,155,808,807,24,67,"2, 37",,153,"5, 10, 15, 29, 32, 810, 811, 812",,,,,,,,,,256.0,252.0,242.0,240.0,214.0,144.0,142.0,136.0,72.0,"47.0, 47.0",,32.0,27.0,22.0,21.0,8.0,"6.0, 6.0",,5.0,"0.0, 0.0, 0.0, 0.0, 0.0, 0.0, 0.0, 0.0",,,,,,,,,
2011,20,18,17,4,1,13,3,30,16,808,2,155,814,153,67,815,22,811,813,"5, 10, 15, 24, 37, 39, 812, 816, 817",,,,,,,,,,392.0,270.0,258.0,257.0,227.0,118.0,89.0,76.0,42.0,37.0,34.0,30.0,27.0,26.0,15.0,14.0,4.0,2.0,1.0,"0.0, 0.0, 0.0, 0.0, 0.0, 0.0, 0.0, 0.0, 0.0",,,,,,,,,
2012,20,4,8,1,18,17,13,154,3,815,807,155,30,814,813,811,818,817,"5, 10, 37, 39, 808, 816, 819",,,,,,,,,,,281.0,278.0,207.0,190.0,188.0,179.0,122.0,96.0,93.0,66.0,63.0,60.0,49.0,46.0,45.0,31.0,16.0,10.0,"0.0, 0.0, 0.0, 0.0, 0.0, 0.0, 0.0",,,,,,,,,,
2013,20,4,17,1,8,3,154,13,18,807,815,814,16,817,818,821,822,813,"5, 819, 820, 823, 824",,,,,,,,,,,397.0,242.0,199.0,189.0,183.0,171.0,132.0,112.0,73.0,51.0,49.0,48.0,29.0,20.0,13.0,6.0,4.0,1.0,"0.0, 0.0, 0.0, 0.0, 0.0",,,,,,,,,,
2014,1,3,817,822,20,4,13,18,807,815,"8, 825",,818,"154, 826",,"813, 824",,"16, 155, 820, 821, 827, 828, 829",,,,,,,,,,,,384.0,317.0,238.0,186.0,167.0,161.0,134.0,126.0,96.0,59.0,"55.0, 55.0",,22.0,"8.0, 8.0",,"2.0, 2.0",,"0.0, 0.0, 0.0, 0.0, 0.0, 0.0, 0.0",,,,,,,,,,,
2015,1,3,20,8,822,13,826,817,815,807,154,830,"813, 831",,832,18,4,828,"825, 829, 833, 834",,,,,,,,,,,381.0,322.0,278.0,150.0,136.0,121.0,95.0,92.0,78.0,58.0,51.0,49.0,"27.0, 27.0",,18.0,16.0,11.0,9.0,"0.0, 0.0, 0.0, 0.0",,,,,,,,,,
2016,3,1,817,20,830,8,815,822,807,4,13,832,154,826,18,825,831,"835, 836, 838",,,"821, 828, 837, 839",,,,,,,,,385.0,380.0,256.0,212.0,204.0,186.0,101.0,85.0,72.0,54.0,53.0,46.0,29.0,25.0,21.0,7.0,2.0,"1.0, 1.0, 1.0",,,"0.0, 0.0, 0.0, 0.0",,,,,,,,
2017,1,20,822,8,817,830,815,839,832,"13, 807",,840,154,825,4,838,835,"826, 836",,"18, 814, 828, 841, 842, 843",,,,,,,,,,363.0,317.0,305.0,205.0,200.0,168.0,100.0,87.0,54.0,"43.0, 43.0",,40.0,28.0,19.0,17.0,13.0,8.0,"5.0, 5.0",,"0.0, 0.0, 0.0, 0.0, 0.0, 0.0",,,,,,,,,
2018,1,20,8,830,822,817,807,815,825,832,4,839,844,154,842,838,828,840,843,845,,,,,,,,,,408.0,320.0,251.0,249.0,247.0,170.0,69.0,62.0,56.0,53.0,50.0,49.0,39.0,37.0,29.0,12.0,9.0,6.0,4.0,1.0,,,,,,,,,
2019,1,822,830,844,20,832,842,848,817,815,846,8,"807, 826",,840,825,841,154,9,847,,,,,,,,,,413.0,326.0,278.0,264.0,240.0,96.0,95.0,92.0,54.0,52.0,49.0,43.0,"37.0, 37.0",,21.0,20.0,14.0,8.0,1.0,0.0,,,,,,,,,
2020,1,822,830,815,817,"832, 848",,844,846,"840, 842",,839,20,826,807,"8, 841",,847,154,825,"849, 850, 851",,,,,,,,,347.0,223.0,214.0,125.0,119.0,"105.0, 105.0",,98.0,97.0,"75.0, 75.0",,62.0,33.0,32.0,10.0,"4.0, 4.0",,3.0,2.0,1.0,"0.0, 0.0, 0.0",,,,,,,,
2021,830,1,822,815,832,846,844,817,842,4,839,20,840,852,847,8,849,841,"9, 853, 854",,,,,,,,,,,395.5,387.5,226.0,190.0,164.5,160.0,159.0,115.0,110.0,81.0,74.0,43.0,34.0,32.0,16.0,10.0,7.0,3.0,"0.0, 0.0, 0.0",,,,,,,,,,
2022,830,844,815,847,832,1,846,839,4,822,"20, 817",,825,842,840,"852, 854",,855,848,"849, 856",,807,,,,,,,,454.0,308.0,305.0,275.0,246.0,240.0,122.0,92.0,81.0,49.0,"37.0, 37.0",,25.0,23.0,18.0,"12.0, 12.0",,6.0,4.0,"2.0, 2.0",,0.0,,,,,,,
2023,830,815,4,1,"844, 847",,832,846,840,839,857,842,848,807,822,855,852,825,"817, 856, 858",,,,,,,,,,,314.0,189.0,149.0,148.0,"99.0, 99.0",,92.0,69.0,47.0,35.0,34.0,22.0,11.0,9.0,5.0,4.0,3.0,2.0,"0.0, 0.0, 0.0",,,,,,,,,,
