year,driverId,date_of_birth,driver_nationality,driver_points,driver_end_position,first_place_count,second_place_count,third_place_count,top_5_count,age_at_first_race_x,age_at_first_race_y,constructorId,constructor_nationality,constructor_points,constructor_place,constructor_first_place_count,constructor_second_place_count,constructor_third_place_count,constructor_top_5_count,best_performing_circuit_name,min_lap_time_diff,avg_lap_time_diff,max_lap_time_diff,median_lap_position,total_laps,min_pit_stop_time,avg_pit_time,max_pit_stop_time,most_common_pitstop_lap,most_common_starting_position,most_common_ending_position
2011,1,1985-01-07,British,227.0,5.0,1.0,1.0,0.0,5.0,22.0,22.0,1.0,British,497.0,2.0,9.0,13.0,8.0,36.0,Shanghai International Circuit,0.0,8.270088535043902,1600.1049400529946,4.0,1013.0,13173.0,22666.446428571428,35688.0,16.0,2,2
2011,2,1977-05-10,German,34.0,11.0,0.0,0.0,0.0,1.0,23.0,23.0,4.0,French,73.0,5.0,2.0,1.0,3.0,14.0,Sepang International Circuit,0.2663530388460341,31.144881723866614,9655.635687925567,10.0,564.0,20796.0,22933.32,26281.0,30.0,18,12
2011,3,1985-06-27,German,89.0,7.0,0.0,0.0,0.0,0.0,21.0,21.0,131.0,German,165.0,4.0,0.0,0.0,0.0,2.0,Shanghai International Circuit,0.04763482727197415,20.235532234025804,9647.7623577109,7.0,1036.0,19534.0,22283.85714285714,30261.0,12.0,7,Did Not Finish
2011,4,1981-07-29,Spanish,257.0,4.0,2.0,2.0,0.0,7.0,20.0,20.0,6.0,Italian,375.0,3.0,15.0,15.0,9.0,52.0,Silverstone Circuit,0.0,17.84332086240048,9651.320234939447,3.0,1098.0,19936.0,22737.09259259259,31382.0,16.0,5,4
2011,5,1981-10-19,Finnish,0.0,20.0,0.0,0.0,0.0,0.0,26.0,26.0,205.0,Malaysian,0.0,10.0,0.0,0.0,0.0,0.0,Albert Park Grand Prix Circuit,2.8259879048960315,22.53596288375859,9635.56707729092,16.0,948.0,20652.0,23796.43181818182,44037.0,26.0,19,Did Not Finish
2011,10,1982-03-18,German,0.0,20.0,0.0,0.0,0.0,0.0,22.0,22.0,166.0,British,0.0,10.0,0.0,0.0,0.0,0.0,Albert Park Grand Prix Circuit,4.689156815771904,25.754395857177894,9642.378761889911,19.0,831.0,13914.0,23470.305555555555,35092.0,16.0,21,Did Not Finish
2011,13,1981-04-25,Brazilian,118.0,6.0,0.0,1.0,1.0,3.0,21.0,21.0,6.0,Italian,375.0,3.0,15.0,15.0,9.0,52.0,Sepang International Circuit,0.0,17.862744485481112,9654.477883465877,6.0,1050.0,14919.0,23157.722222222223,32351.0,41.0,8,7
2011,15,1974-07-13,Italian,0.0,20.0,0.0,0.0,0.0,0.0,23.0,23.0,205.0,Malaysian,0.0,10.0,0.0,0.0,0.0,0.0,Albert Park Grand Prix Circuit,3.0901174830543576,24.902330711374805,9612.474660845159,18.0,915.0,20791.0,25106.5,51684.0,13.0,20,13
2011,16,1983-01-11,German,42.0,9.0,0.0,0.0,0.0,0.0,24.0,24.0,10.0,Indian,69.0,6.0,0.0,0.0,0.0,0.0,Nürburgring,1.620619666970425,20.215171351166177,9645.49092988201,10.0,1057.0,14565.0,23024.770833333332,33418.0,16.0,16,9
2011,17,1976-08-27,Australian,258.0,3.0,0.0,0.0,2.0,3.0,26.0,26.0,9.0,Austrian,650.0,1.0,2.0,1.0,0.0,3.0,Autódromo José Carlos Pace,0.0,18.537405618248652,9652.370185560581,4.0,1084.0,19525.0,22563.345454545455,37735.0,10.0,3,5
2011,18,1980-01-19,British,270.0,2.0,1.0,1.0,1.0,4.0,20.0,20.0,1.0,British,497.0,2.0,9.0,13.0,8.0,36.0,Circuit Gilles Villeneuve,0.0,18.381899223566005,9650.734185768491,4.0,1095.0,14501.0,22494.64814814815,31718.0,13.0,4,6
2011,20,1987-07-03,German,392.0,1.0,2.0,1.0,0.0,3.0,20.0,20.0,9.0,Austrian,650.0,1.0,2.0,1.0,0.0,3.0,Albert Park Grand Prix Circuit,0.0,18.36472820538745,9652.52351993347,1.0,1079.0,19664.0,22273.0,31558.0,14.0,1,1
2011,22,1972-05-23,Brazilian,4.0,17.0,0.0,2.0,2.0,6.0,21.0,21.0,3.0,British,5.0,9.0,9.0,6.0,4.0,26.0,Circuit de Monaco,0.18909912714610214,21.525606058993,9641.791413275118,14.0,1030.0,16892.0,24617.02,47753.0,40.0,17,Did Not Finish
2011,24,1980-08-06,Italian,0.0,20.0,0.0,0.0,0.0,0.0,25.0,25.0,164.0,Spanish,0.0,10.0,0.0,0.0,0.0,0.0,Albert Park Grand Prix Circuit,4.435667168385644,28.324272123733817,9639.166536722283,21.0,847.0,14160.0,27402.878048780487,56611.0,45.0,0,Did Not Finish
2011,30,1969-01-03,German,76.0,8.0,7.0,3.0,3.0,15.0,22.0,22.0,131.0,German,165.0,4.0,0.0,0.0,0.0,2.0,Circuit Gilles Villeneuve,1.1412138365352238,19.638072282801513,9648.532927906857,8.0,927.0,19660.0,22966.530612244896,35084.0,14.0,11,Did Not Finish
2011,37,1971-02-24,Spanish,0.0,20.0,0.0,0.0,0.0,0.0,28.0,28.0,15.0,Swiss,44.0,7.0,0.0,0.0,0.0,2.0,Circuit Gilles Villeneuve,4.435001819221373,173.68410891566978,9650.760174645253,13.0,70.0,24039.0,27163.5,30288.0,52.0,17,12
2011,39,1977-01-14,Indian,0.0,20.0,0.0,0.0,0.0,0.0,28.0,28.0,164.0,Spanish,0.0,10.0,0.0,0.0,0.0,0.0,Albert Park Grand Prix Circuit,4.732283201230728,41.77676898139573,9637.630594105722,22.0,438.0,23605.0,26858.6875,39917.0,14.0,0,Did Not Finish
2011,67,1988-10-31,Swiss,15.0,15.0,0.0,0.0,0.0,0.0,21.0,21.0,5.0,Italian,41.0,8.0,0.0,0.0,0.0,0.0,Albert Park Grand Prix Circuit,0.9356959991968274,22.14829476220067,9638.688341389885,12.0,944.0,20360.0,24024.317073170732,32827.0,25.0,10,8
2011,153,1990-03-23,Spanish,26.0,14.0,0.0,0.0,0.0,0.0,19.0,19.0,5.0,Italian,41.0,8.0,0.0,0.0,0.0,0.0,Autodromo Nazionale di Monza,0.21292487430743676,19.45993199400837,9646.036696293986,13.0,1013.0,20741.0,23862.3488372093,43574.0,17.0,12,11
2011,155,1986-09-13,Japanese,30.0,12.0,0.0,0.0,0.0,0.0,23.0,23.0,15.0,Swiss,44.0,7.0,0.0,0.0,0.0,2.0,Circuit de Monaco,0.8858613027716057,21.203568548672976,9653.748895472738,10.0,1003.0,19833.0,23952.658536585364,31602.0,53.0,9,Did Not Finish
2011,808,1984-09-08,Russian,37.0,10.0,0.0,0.0,0.0,0.0,26.0,26.0,4.0,French,73.0,5.0,2.0,1.0,3.0,14.0,Albert Park Grand Prix Circuit,0.4802577283710016,18.974697797344007,9653.941213160768,10.0,1017.0,19968.0,23328.04651162791,30807.0,53.0,6,3
2011,811,1983-10-15,Brazilian,2.0,18.0,0.0,0.0,0.0,0.0,27.0,27.0,4.0,French,73.0,5.0,2.0,1.0,3.0,14.0,Autodromo Nazionale di Monza,0.8214695951825681,8.615327736955694,68.26203487764975,15.0,444.0,12959.0,23407.695652173912,36856.0,48.0,7,13
2011,812,1984-01-19,Indian,0.0,20.0,0.0,0.0,0.0,0.0,26.0,26.0,205.0,Malaysian,0.0,10.0,0.0,0.0,0.0,0.0,Nürburgring,6.503573625161714,11.854562242279362,53.269283790375596,22.0,56.0,22331.0,25556.0,31879.0,51.0,20,20
2011,813,1985-03-09,Venezuelan,1.0,19.0,0.0,0.0,0.0,0.0,26.0,26.0,3.0,British,5.0,9.0,9.0,6.0,4.0,26.0,Circuit de Spa-Francorchamps,1.1152762819981776,23.694788273170253,9637.9372628515,14.0,893.0,12897.0,22722.617021276597,31701.0,25.0,15,Did Not Finish
2011,814,1986-04-16,British,27.0,13.0,0.0,0.0,0.0,0.0,25.0,25.0,10.0,Indian,69.0,6.0,0.0,0.0,0.0,0.0,Marina Bay Street Circuit,1.4518266920719078,19.967122625017904,9651.000571755289,11.0,1105.0,14538.0,23444.85714285714,47226.0,11.0,14,10
2011,815,1990-01-26,Mexican,14.0,16.0,0.0,0.0,0.0,0.0,21.0,21.0,15.0,Swiss,44.0,7.0,0.0,0.0,0.0,2.0,Silverstone Circuit,0.0010355397233037858,7.935501599024964,79.10413803773105,13.0,902.0,13201.0,22914.973684210527,33344.0,32.0,13,Did Not Finish
2011,816,1985-12-27,Belgian,0.0,20.0,0.0,0.0,0.0,0.0,26.0,26.0,166.0,British,0.0,10.0,0.0,0.0,0.0,0.0,Albert Park Grand Prix Circuit,4.747889550665699,24.885575287214923,9606.675242995998,20.0,990.0,14538.0,24908.682926829268,49849.0,33.0,22,14
2011,817,1989-07-01,Australian,0.0,20.0,0.0,0.0,0.0,0.0,22.0,22.0,164.0,Spanish,0.0,10.0,0.0,0.0,0.0,0.0,Silverstone Circuit,5.042042912766133,14.898813163760188,1174.9950688618933,20.0,559.0,21651.0,65639.36,1004718.0,41.0,24,19
2012,1,1985-01-07,British,190.0,4.0,1.0,1.0,0.0,6.0,22.0,22.0,1.0,British,378.0,3.0,9.0,13.0,9.0,37.0,Circuit Gilles Villeneuve,0.0,9.619926122771638,3014.5459780385613,3.0,1045.0,17598.0,22671.86111111111,31081.0,36.0,1,3
2012,3,1985-06-27,German,93.0,9.0,0.0,0.0,0.0,0.0,21.0,21.0,131.0,German,142.0,5.0,0.0,0.0,0.0,3.0,Shanghai International Circuit,0.0,10.617339324810047,3013.217569150732,9.0,1036.0,17894.0,22912.25641025641,33529.0,20.0,7,12
2012,4,1981-07-29,Spanish,278.0,2.0,2.0,3.0,0.0,8.0,20.0,20.0,6.0,Italian,400.0,2.0,15.0,16.0,9.0,53.0,Sepang International Circuit,0.12119579854565042,9.740772622032283,3014.961974543794,3.0,1095.0,17570.0,21908.285714285714,29557.0,15.0,12,5
2012,5,1981-10-19,Finnish,0.0,19.0,0.0,0.0,0.0,0.0,26.0,26.0,207.0,Malaysian,0.0,10.0,0.0,0.0,0.0,0.0,Albert Park Grand Prix Circuit,1.2304921968787514,12.149615139554587,3009.5460773217374,17.0,1153.0,18801.0,25135.176470588234,52206.0,13.0,18,Did Not Finish
2012,8,1979-10-17,Finnish,207.0,3.0,1.0,2.0,2.0,6.0,22.0,22.0,208.0,British,303.0,4.0,0.0,0.0,0.0,1.0,Yas Marina Circuit,0.0,9.7710432722717,3010.6173427850918,6.0,1191.0,17735.0,22711.684210526317,32309.0,13.0,17,7
2012,10,1982-03-18,German,0.0,19.0,0.0,0.0,0.0,0.0,22.0,22.0,206.0,Russian,0.0,10.0,0.0,0.0,0.0,0.0,Albert Park Grand Prix Circuit,2.0712446681781502,12.838515778951239,3009.806199241477,19.0,1098.0,18952.0,23996.53846153846,36503.0,40.0,20,14
2012,13,1981-04-25,Brazilian,122.0,7.0,0.0,1.0,1.0,3.0,21.0,21.0,6.0,Italian,400.0,2.0,15.0,16.0,9.0,53.0,Suzuka Circuit,0.0553615106646401,10.090544268891591,3013.4359921367727,8.0,1178.0,13259.0,22498.82608695652,39041.0,28.0,16,Did Not Finish
2012,17,1976-08-27,Australian,179.0,6.0,0.0,0.0,2.0,3.0,26.0,26.0,9.0,Austrian,460.0,1.0,3.0,1.0,0.0,4.0,Circuit de Monaco,0.0,9.992270581166762,3013.7685907746077,6.0,1131.0,17290.0,22322.682926829268,32462.0,14.0,5,4
2012,18,1980-01-19,British,188.0,5.0,1.0,1.0,1.0,5.0,20.0,20.0,1.0,British,378.0,3.0,9.0,13.0,9.0,37.0,Albert Park Grand Prix Circuit,0.0,10.403575235391406,3014.5271142352217,5.0,1105.0,16831.0,22526.829268292684,36517.0,15.0,2,1
2012,20,1987-07-03,German,281.0,1.0,3.0,1.0,0.0,4.0,20.0,20.0,9.0,Austrian,460.0,1.0,3.0,1.0,0.0,4.0,Bahrain International Circuit,0.0,9.640425185982181,3014.4049959293898,3.0,1162.0,13335.0,21982.56818181818,31137.0,37.0,6,2
2012,30,1969-01-03,German,49.0,13.0,7.0,3.0,3.0,15.0,22.0,22.0,131.0,German,142.0,5.0,0.0,0.0,0.0,3.0,Valencia Street Circuit,0.0,11.280433084045233,3010.5468517305058,11.0,966.0,13199.0,22033.853658536584,30879.0,14.0,4,Did Not Finish
2012,37,1971-02-24,Spanish,0.0,19.0,0.0,0.0,0.0,0.0,28.0,28.0,164.0,Spanish,0.0,10.0,0.0,0.0,0.0,0.0,Albert Park Grand Prix Circuit,3.6210868992079233,14.409398811309947,3011.571454101388,21.0,928.0,15684.0,25138.4,44101.0,22.0,0,Did Not Finish
2012,39,1977-01-14,Indian,0.0,19.0,0.0,0.0,0.0,0.0,28.0,28.0,164.0,Spanish,0.0,10.0,0.0,0.0,0.0,0.0,Albert Park Grand Prix Circuit,3.4945371917118875,14.570410396623494,3013.0527590794463,22.0,897.0,14780.0,25078.18181818182,36876.0,15.0,0,Did Not Finish
2012,154,1986-04-17,French,96.0,8.0,0.0,0.0,0.0,0.0,23.0,23.0,208.0,British,303.0,4.0,0.0,0.0,0.0,1.0,Circuit Gilles Villeneuve,0.0,6.03285187602935,61.94165431119093,7.0,803.0,20223.0,24162.44827586207,34201.0,1.0,3,Did Not Finish
2012,155,1986-09-13,Japanese,60.0,12.0,0.0,0.0,0.0,0.0,23.0,23.0,15.0,Swiss,126.0,6.0,0.0,0.0,0.0,2.0,Suzuka Circuit,0.0,11.269236941484436,3010.2231885784636,11.0,1043.0,13986.0,24456.926829268294,39208.0,14.0,13,6
2012,807,1987-08-19,German,63.0,11.0,0.0,0.0,0.0,0.0,23.0,23.0,10.0,Indian,109.0,7.0,0.0,0.0,0.0,0.0,Circuit de Spa-Francorchamps,0.0,10.101236713835851,3012.360755346399,10.0,1075.0,14128.0,22784.763157894737,34601.0,13.0,9,Did Not Finish
2012,808,1984-09-08,Russian,0.0,19.0,0.0,0.0,0.0,0.0,26.0,26.0,207.0,Malaysian,0.0,10.0,0.0,0.0,0.0,0.0,Albert Park Grand Prix Circuit,1.6157510320736743,12.360479494166404,3010.328428744465,17.0,1036.0,14250.0,24051.954545454544,41154.0,18.0,19,Did Not Finish
2012,811,1983-10-15,Brazilian,31.0,16.0,0.0,0.0,0.0,0.0,27.0,27.0,3.0,British,76.0,8.0,9.0,6.0,4.0,26.0,Sepang International Circuit,0.0,10.503558128963162,3009.7545719902305,12.0,1054.0,14608.0,24259.86842105263,47942.0,1.0,14,16
2012,813,1985-03-09,Venezuelan,45.0,15.0,0.0,0.0,0.0,0.0,26.0,26.0,3.0,British,76.0,8.0,9.0,6.0,4.0,26.0,Circuit de Barcelona-Catalunya,0.5222088835534213,10.85535677065197,3009.9213677250254,11.0,943.0,13206.0,22767.243243243243,33068.0,11.0,8,13
2012,814,1986-04-16,British,46.0,14.0,0.0,0.0,0.0,0.0,25.0,25.0,10.0,Indian,109.0,7.0,0.0,0.0,0.0,0.0,Marina Bay Street Circuit,1.0010997358366496,10.518295153863306,3010.5081312920715,11.0,1137.0,17899.0,22604.46153846154,32790.0,39.0,15,10
2012,815,1990-01-26,Mexican,66.0,10.0,0.0,0.0,0.0,0.0,21.0,21.0,15.0,Swiss,126.0,6.0,0.0,0.0,0.0,2.0,Sepang International Circuit,0.0,10.879543331543285,3016.3420106828694,10.0,931.0,18143.0,23324.529411764706,33431.0,41.0,22,8
2012,816,1985-12-27,Belgian,0.0,19.0,0.0,0.0,0.0,0.0,26.0,26.0,208.0,British,303.0,4.0,0.0,0.0,0.0,1.0,Autodromo Nazionale di Monza,1.6483453501301024,5.048265802878971,24.603674961886313,15.0,53.0,21962.0,21962.0,21962.0,27.0,15,13
2012,817,1989-07-01,Australian,10.0,18.0,0.0,0.0,0.0,0.0,22.0,22.0,5.0,Italian,26.0,9.0,0.0,0.0,0.0,0.0,Albert Park Grand Prix Circuit,0.8878741755454084,10.572735205466959,3011.3987013760648,13.0,1175.0,17990.0,22615.733333333334,32319.0,38.0,10,9
2012,818,1990-04-25,French,16.0,17.0,0.0,0.0,0.0,0.0,22.0,22.0,5.0,Italian,26.0,9.0,0.0,0.0,0.0,0.0,Sepang International Circuit,0.05902360944377751,11.246730762071188,3012.7727805246122,14.0,1048.0,14641.0,22386.590909090908,30499.0,40.0,11,11
2012,819,1990-02-15,French,0.0,19.0,0.0,0.0,0.0,0.0,22.0,22.0,206.0,Russian,0.0,10.0,0.0,0.0,0.0,0.0,Albert Park Grand Prix Circuit,2.3765888844242777,13.238656941724358,3009.608625722285,19.0,1060.0,13981.0,25031.45945945946,48984.0,28.0,21,15
2013,1,1985-01-07,British,189.0,4.0,1.0,1.0,0.0,7.0,22.0,22.0,131.0,German,360.0,2.0,0.0,1.0,0.0,4.0,Hungaroring,0.0,8.981089995450318,1887.318646591013,5.0,1084.0,17385.0,22399.11111111111,30085.0,31.0,3,5
2013,3,1985-06-27,German,171.0,6.0,0.0,0.0,0.0,0.0,21.0,21.0,131.0,German,360.0,2.0,0.0,1.0,0.0,4.0,Circuit de Monaco,0.0666053474578959,9.077629062906334,1884.8387897149273,5.0,1058.0,17806.0,22880.565217391304,42432.0,10.0,6,Did Not Finish
2013,4,1981-07-29,Spanish,242.0,2.0,2.0,4.0,0.0,9.0,20.0,20.0,6.0,Italian,354.0,3.0,15.0,16.0,10.0,54.0,Shanghai International Circuit,0.0,8.58870546357246,1888.3542055708635,4.0,1076.0,18471.0,22394.906976744187,29800.0,30.0,5,2
2013,5,1981-10-19,Finnish,0.0,19.0,0.0,0.0,0.0,0.0,26.0,26.0,208.0,British,315.0,4.0,0.0,0.0,0.0,2.0,Circuit of the Americas,1.1736901137638198,6.733540939253103,61.834041019067456,14.0,126.0,22646.0,26830.25,36333.0,34.0,8,15
2013,8,1979-10-17,Finnish,183.0,5.0,1.0,2.0,2.0,7.0,22.0,22.0,208.0,British,315.0,4.0,0.0,0.0,0.0,2.0,Albert Park Grand Prix Circuit,0.0,9.47789097970267,1885.8012196873733,5.0,929.0,19378.0,23376.441176470587,33013.0,34.0,7,1
2013,13,1981-04-25,Brazilian,112.0,8.0,0.0,1.0,1.0,3.0,21.0,21.0,6.0,Italian,354.0,3.0,15.0,16.0,10.0,54.0,Circuit de Barcelona-Catalunya,0.20529593931591217,6.726625731181413,76.97776255072215,7.0,1023.0,17367.0,22724.541666666668,35210.0,36.0,4,4
2013,16,1983-01-11,German,29.0,13.0,0.0,0.0,0.0,0.0,24.0,24.0,10.0,Indian,77.0,6.0,0.0,0.0,0.0,0.0,Circuit de Monaco,0.11241633233980673,10.140366670139084,1887.5406453634903,11.0,934.0,14489.0,28316.37837837838,89401.0,41.0,12,7
2013,17,1976-08-27,Australian,199.0,3.0,0.0,0.0,3.0,4.0,26.0,26.0,9.0,Austrian,596.0,1.0,4.0,1.0,0.0,5.0,Sepang International Circuit,0.0,8.682237165620217,1884.0787703879755,4.0,1049.0,18931.0,25843.82608695652,162042.0,23.0,2,6
2013,18,1980-01-19,British,73.0,9.0,1.0,1.0,1.0,5.0,20.0,20.0,1.0,British,122.0,5.0,9.0,13.0,9.0,38.0,Autódromo José Carlos Pace,0.060493336704106324,9.21866118676727,1888.5879572195308,9.0,1126.0,18810.0,25045.365853658535,104833.0,21.0,10,9
2013,20,1987-07-03,German,397.0,1.0,4.0,1.0,0.0,5.0,20.0,20.0,9.0,Austrian,596.0,1.0,4.0,1.0,0.0,5.0,Sepang International Circuit,0.0,8.039443961433554,1882.8564712642176,1.0,1120.0,18606.0,22223.113636363636,32899.0,14.0,1,3
2013,154,1986-04-17,French,132.0,7.0,0.0,0.0,0.0,0.0,23.0,23.0,208.0,British,315.0,4.0,0.0,0.0,0.0,2.0,Circuit of the Americas,0.5484316433221542,9.533283179497383,1893.9603275134832,6.0,963.0,16453.0,24448.615384615383,73009.0,37.0,8,10
2013,807,1987-08-19,German,51.0,10.0,0.0,0.0,0.0,0.0,23.0,23.0,15.0,Swiss,57.0,7.0,0.0,0.0,0.0,2.0,Korean International Circuit,0.4279898395908,9.738793721134215,1890.242501012053,9.0,1039.0,16147.0,23181.391304347828,30253.0,34.0,11,Did Not Finish
2013,813,1985-03-09,Venezuelan,1.0,18.0,0.0,0.0,0.0,0.0,26.0,26.0,3.0,British,5.0,9.0,9.0,6.0,4.0,26.0,Hungaroring,0.8826550263191681,8.193954531944573,75.90175694050384,15.0,1044.0,13266.0,24874.88888888889,40507.0,23.0,17,Did Not Finish
2013,814,1986-04-16,British,48.0,12.0,0.0,0.0,0.0,0.0,25.0,25.0,10.0,Indian,77.0,6.0,0.0,0.0,0.0,0.0,Bahrain International Circuit,0.6483640117378243,9.867152638422638,1889.0254253888245,11.0,982.0,19481.0,26471.842105263157,123124.0,20.0,9,8
2013,815,1990-01-26,Mexican,49.0,11.0,0.0,0.0,0.0,0.0,21.0,21.0,1.0,British,122.0,5.0,9.0,13.0,9.0,38.0,Buddh International Circuit,0.0,9.294878196646934,1886.618697520143,9.0,1116.0,17378.0,22940.64285714286,38893.0,33.0,15,11
2013,817,1989-07-01,Australian,20.0,14.0,0.0,0.0,0.0,0.0,22.0,22.0,5.0,Italian,33.0,8.0,0.0,0.0,0.0,0.0,Shanghai International Circuit,0.19050886633681247,9.601966169260953,1893.5868472256682,11.0,1041.0,17801.0,22866.731707317074,32097.0,38.0,14,Did Not Finish
2013,818,1990-04-25,French,13.0,15.0,0.0,0.0,0.0,0.0,22.0,22.0,5.0,Italian,33.0,8.0,0.0,0.0,0.0,0.0,Circuit Gilles Villeneuve,0.25091291977507446,10.294290595129736,1890.924167831072,14.0,974.0,19772.0,25074.04761904762,49216.0,24.0,13,12
2013,819,1990-02-15,French,0.0,19.0,0.0,0.0,0.0,0.0,22.0,22.0,207.0,Malaysian,0.0,10.0,0.0,0.0,0.0,0.0,Albert Park Grand Prix Circuit,2.2252104555418426,9.150789578602843,75.99383304247279,18.0,969.0,17935.0,24493.951219512193,44428.0,17.0,22,16
2013,820,1991-04-21,British,0.0,19.0,0.0,0.0,0.0,0.0,22.0,22.0,206.0,Russian,0.0,10.0,0.0,0.0,0.0,0.0,Albert Park Grand Prix Circuit,2.080796130693483,11.68048144883952,1891.4608825104142,20.0,1103.0,17427.0,24173.62,36564.0,32.0,20,17
2013,821,1991-08-05,Mexican,6.0,16.0,0.0,0.0,0.0,0.0,22.0,22.0,15.0,Swiss,57.0,7.0,0.0,0.0,0.0,2.0,Suzuka Circuit,0.0,10.048145265266966,1894.2149731642662,14.0,1024.0,17433.0,23371.28888888889,31937.0,28.0,18,13
2013,822,1989-08-28,Finnish,4.0,17.0,0.0,0.0,0.0,0.0,24.0,24.0,3.0,British,5.0,9.0,9.0,6.0,4.0,26.0,Circuit of the Americas,0.5392219797149826,10.181673526370643,1893.7644462436501,14.0,1070.0,19908.0,25612.60975609756,45695.0,40.0,16,14
2013,823,1985-04-25,Dutch,0.0,19.0,0.0,0.0,0.0,0.0,28.0,28.0,207.0,Malaysian,0.0,10.0,0.0,0.0,0.0,0.0,Albert Park Grand Prix Circuit,2.4473757490124894,12.432597155232008,1875.5736056518276,18.0,931.0,17339.0,24441.020408163266,37700.0,24.0,21,18
2013,824,1989-08-03,French,0.0,19.0,0.0,0.0,0.0,0.0,24.0,24.0,206.0,Russian,0.0,10.0,0.0,0.0,0.0,0.0,Albert Park Grand Prix Circuit,1.3217734166722674,11.348359500127334,2005.2365592802016,19.0,998.0,19830.0,24322.022727272728,33937.0,33.0,19,15
2014,1,1985-01-07,British,384.0,1.0,2.0,1.0,0.0,8.0,22.0,22.0,131.0,German,701.0,1.0,1.0,1.0,0.0,5.0,Yas Marina Circuit,0.0,10.500677288841782,3705.9757553305344,2.0,1051.0,19710.0,53061.97435897436,1137295.0,26.0,1,Did Not Finish
2014,3,1985-06-27,German,317.0,2.0,0.0,1.0,0.0,1.0,21.0,21.0,131.0,German,701.0,1.0,1.0,1.0,0.0,5.0,Albert Park Grand Prix Circuit,0.0,10.345946118892419,3707.7879311764223,2.0,1064.0,20055.0,54118.10810810811,1136516.0,34.0,3,1
2014,4,1981-07-29,Spanish,161.0,6.0,2.0,4.0,0.0,9.0,20.0,20.0,6.0,Italian,216.0,4.0,15.0,16.0,10.0,55.0,Hungaroring,0.09370776985371723,9.985008973010606,3686.712768584836,5.0,1069.0,19032.0,52680.48717948718,1137051.0,12.0,5,4
2014,8,1979-10-17,Finnish,55.0,11.0,1.0,2.0,2.0,7.0,22.0,22.0,6.0,Italian,216.0,4.0,15.0,16.0,10.0,55.0,Circuit de Spa-Francorchamps,0.0,8.285183425155084,1058.9605734767024,9.0,1078.0,19737.0,50377.3023255814,1135276.0,34.0,11,7
2014,13,1981-04-25,Brazilian,134.0,7.0,0.0,1.0,1.0,3.0,21.0,21.0,3.0,British,320.0,3.0,9.0,6.0,5.0,27.0,Yas Marina Circuit,0.0,8.0631718765325,1063.953405017921,6.0,956.0,21896.0,56226.62162162162,1136594.0,45.0,9,Did Not Finish
2014,16,1983-01-11,German,0.0,18.0,0.0,0.0,0.0,0.0,24.0,24.0,15.0,Swiss,0.0,10.0,0.0,0.0,0.0,2.0,Albert Park Grand Prix Circuit,1.557883732557611,13.966201394277393,3691.1860953321807,15.0,857.0,19638.0,56626.61111111111,1135797.0,24.0,13,11
2014,18,1980-01-19,British,126.0,8.0,1.0,1.0,1.0,5.0,20.0,20.0,1.0,British,181.0,5.0,9.0,13.0,9.0,39.0,Yas Marina Circuit,0.10842293906810035,11.234897154122557,3708.148102412118,7.0,1122.0,18916.0,51844.3,1136054.0,28.0,10,3
2014,20,1987-07-03,German,167.0,5.0,4.0,1.0,0.0,6.0,20.0,20.0,9.0,Austrian,405.0,2.0,4.0,2.0,0.0,6.0,Marina Bay Street Circuit,0.0,11.994394317970471,3702.328764303943,5.0,972.0,18879.0,52057.31707317073,1134978.0,34.0,12,Did Not Finish
2014,154,1986-04-17,French,8.0,14.0,0.0,0.0,0.0,0.0,23.0,23.0,208.0,British,10.0,8.0,0.0,0.0,0.0,2.0,Circuit de Barcelona-Catalunya,0.7001563455917341,13.015002723453192,3677.228945418622,14.0,953.0,16120.0,51355.48780487805,1133680.0,1.0,22,Did Not Finish
2014,155,1986-09-13,Japanese,0.0,18.0,0.0,0.0,0.0,0.0,23.0,23.0,207.0,Malaysian,0.0,10.0,0.0,0.0,0.0,0.0,Albert Park Grand Prix Circuit,2.8087199510029093,17.257420978738516,3706.184654647238,17.0,665.0,20092.0,69687.08,1133381.0,15.0,14,Did Not Finish
2014,807,1987-08-19,German,96.0,9.0,0.0,0.0,0.0,0.0,23.0,23.0,10.0,Indian,155.0,6.0,0.0,0.0,0.0,0.0,Yas Marina Circuit,0.2351981510434369,11.580187855216064,3701.3676216349713,8.0,1038.0,19514.0,56529.25714285715,1136562.0,39.0,7,6
2014,813,1985-03-09,Venezuelan,2.0,16.0,0.0,0.0,0.0,0.0,26.0,26.0,208.0,British,10.0,8.0,0.0,0.0,0.0,2.0,Circuit of the Americas,1.4485320617670705,13.897283939764817,3684.439573557257,14.0,849.0,19099.0,59079.393939393936,1127145.0,40.0,21,Did Not Finish
2014,815,1990-01-26,Mexican,59.0,10.0,0.0,0.0,0.0,0.0,21.0,21.0,10.0,Indian,155.0,6.0,0.0,0.0,0.0,0.0,Bahrain International Circuit,0.0,12.277548357407658,3710.2370955791557,10.0,893.0,19843.0,57501.58823529412,1135712.0,34.0,16,10
2014,817,1989-07-01,Australian,238.0,3.0,0.0,0.0,1.0,1.0,22.0,22.0,9.0,Austrian,405.0,2.0,4.0,2.0,0.0,6.0,Circuit Gilles Villeneuve,0.0,10.99587330177585,3699.4010866880712,4.0,1097.0,18868.0,54115.675,1135520.0,27.0,2,Did Not Finish
2014,818,1990-04-25,French,22.0,13.0,0.0,0.0,0.0,0.0,22.0,22.0,5.0,Italian,30.0,7.0,0.0,0.0,0.0,0.0,Marina Bay Street Circuit,1.1387995712754555,12.710765183055745,3673.9606487198485,12.0,973.0,19385.0,54119.256410256414,1136557.0,15.0,6,8
2014,820,1991-04-21,British,0.0,18.0,0.0,0.0,0.0,0.0,22.0,22.0,206.0,Russian,2.0,9.0,0.0,0.0,0.0,0.0,Albert Park Grand Prix Circuit,2.463098344654489,16.42802745693632,3813.990079855108,18.0,771.0,20632.0,58928.0,1135937.0,41.0,17,13
2014,821,1991-08-05,Mexican,0.0,18.0,0.0,0.0,0.0,0.0,22.0,22.0,15.0,Swiss,0.0,10.0,0.0,0.0,0.0,2.0,Albert Park Grand Prix Circuit,1.6048688584420836,13.32670067706936,3688.4498230015643,15.0,935.0,19779.0,52968.78048780488,1134553.0,27.0,20,12
2014,822,1989-08-28,Finnish,186.0,4.0,0.0,0.0,0.0,1.0,24.0,24.0,3.0,British,320.0,3.0,9.0,6.0,5.0,27.0,Yas Marina Circuit,0.0,10.956315328986673,3696.943689799951,6.0,1112.0,20115.0,53426.58974358974,1136994.0,26.0,15,5
2014,824,1989-08-03,French,2.0,16.0,0.0,0.0,0.0,0.0,24.0,24.0,206.0,Russian,2.0,9.0,0.0,0.0,0.0,0.0,Circuit de Monaco,2.8265575047320612,16.756182675681806,3694.4235202107516,17.0,756.0,18989.0,64483.862068965514,1133708.0,45.0,18,Did Not Finish
2014,825,1992-10-05,Danish,55.0,11.0,0.0,0.0,0.0,0.0,22.0,22.0,1.0,British,181.0,5.0,9.0,13.0,9.0,39.0,Albert Park Grand Prix Circuit,0.3954547729889373,11.355461414255409,3707.6634148349385,9.0,1113.0,19135.0,51299.30952380953,1135891.0,26.0,4,2
2014,826,1994-04-26,Russian,8.0,14.0,0.0,0.0,0.0,0.0,20.0,20.0,5.0,Italian,30.0,7.0,0.0,0.0,0.0,0.0,Albert Park Grand Prix Circuit,0.16868876922078765,13.118243174522027,3697.9130649543094,11.0,926.0,20251.0,52472.07317073171,1134529.0,10.0,8,9
2014,828,1990-09-02,Swedish,0.0,18.0,0.0,0.0,0.0,0.0,24.0,24.0,207.0,Malaysian,0.0,10.0,0.0,0.0,0.0,0.0,Albert Park Grand Prix Circuit,2.586246079723649,16.44217071955134,3681.737260228863,18.0,716.0,19890.0,63583.620689655174,1113851.0,11.0,19,Did Not Finish
2014,829,1991-06-28,British,0.0,18.0,0.0,0.0,0.0,0.0,23.0,23.0,207.0,Malaysian,0.0,10.0,0.0,0.0,0.0,0.0,Yas Marina Circuit,3.7341142244679224,7.210058013916533,31.35143928954218,18.0,54.0,23545.0,23844.5,24144.0,37.0,17,17
2015,1,1985-01-07,British,381.0,1.0,3.0,1.0,0.0,9.0,22.0,22.0,131.0,German,703.0,1.0,2.0,1.0,0.0,6.0,Albert Park Grand Prix Circuit,0.0,6.390782753661611,94.0324278795536,1.0,1120.0,16579.0,23666.0,30216.0,13.0,1,1
2015,3,1985-06-27,German,322.0,2.0,0.0,2.0,0.0,2.0,21.0,21.0,131.0,German,703.0,1.0,2.0,1.0,0.0,6.0,Circuit de Barcelona-Catalunya,0.0,6.3534671931026825,92.53878009405489,2.0,1100.0,16623.0,23969.11111111111,33689.0,31.0,2,2
2015,4,1981-07-29,Spanish,11.0,17.0,2.0,4.0,0.0,9.0,20.0,20.0,1.0,British,27.0,9.0,9.0,13.0,9.0,39.0,Hungaroring,0.2669422199259451,8.874763761815656,94.38567436083221,13.0,770.0,16128.0,26222.4,71178.0,32.0,18,Did Not Finish
2015,8,1979-10-17,Finnish,150.0,4.0,1.0,2.0,2.0,8.0,22.0,22.0,6.0,Italian,428.0,2.0,15.0,17.0,10.0,56.0,Bahrain International Circuit,0.0,6.740436853159329,81.09192776111101,4.0,964.0,16734.0,25772.694444444445,59555.0,40.0,5,Did Not Finish
2015,13,1981-04-25,Brazilian,121.0,6.0,0.0,1.0,1.0,3.0,21.0,21.0,3.0,British,257.0,3.0,9.0,6.0,6.0,28.0,Red Bull Ring,0.5146368190356919,7.248079117153949,119.1191729756735,7.0,1080.0,16818.0,25110.585365853658,42934.0,34.0,3,4
2015,18,1980-01-19,British,16.0,16.0,1.0,1.0,1.0,5.0,20.0,20.0,1.0,British,27.0,9.0,9.0,13.0,9.0,39.0,Circuit of the Americas,1.0232549686026118,9.08943638645886,93.78956973397908,14.0,928.0,16488.0,25504.076923076922,65317.0,27.0,16,11
2015,20,1987-07-03,German,278.0,3.0,4.0,1.0,1.0,7.0,20.0,20.0,6.0,Italian,428.0,2.0,15.0,17.0,10.0,56.0,Sepang International Circuit,0.0,6.553106528985196,93.34737137643012,3.0,1127.0,16639.0,24540.405405405407,33921.0,13.0,4,3
2015,154,1986-04-17,French,51.0,11.0,0.0,0.0,0.0,0.0,23.0,23.0,208.0,British,78.0,6.0,0.0,0.0,0.0,2.0,Circuit de Spa-Francorchamps,0.9059956167814652,7.595373376044465,94.77784796799327,10.0,857.0,17064.0,25392.60606060606,54445.0,9.0,8,Did Not Finish
2015,807,1987-08-19,German,58.0,10.0,0.0,0.0,0.0,0.0,23.0,23.0,10.0,Indian,136.0,5.0,0.0,0.0,0.0,1.0,Red Bull Ring,1.1270548133487273,7.272015354789266,92.47420509580965,8.0,901.0,21612.0,25583.96875,35760.0,44.0,13,7
2015,813,1985-03-09,Venezuelan,27.0,13.0,0.0,0.0,0.0,0.0,26.0,26.0,208.0,British,78.0,6.0,0.0,0.0,0.0,2.0,Circuit Gilles Villeneuve,0.121772793776865,8.7152329292312,111.84288399040608,11.0,778.0,16444.0,27808.636363636364,107394.0,10.0,9,Did Not Finish
2015,815,1990-01-26,Mexican,78.0,9.0,0.0,0.0,0.0,0.0,21.0,21.0,10.0,Indian,136.0,5.0,0.0,0.0,0.0,1.0,Sochi Autodrom,1.1149595909615702,7.978555532235033,94.25142135186356,9.0,1123.0,16958.0,25090.894736842107,35776.0,36.0,14,10
2015,817,1989-07-01,Australian,92.0,8.0,0.0,0.0,1.0,1.0,22.0,22.0,9.0,Austrian,187.0,4.0,4.0,2.0,0.0,7.0,Marina Bay Street Circuit,0.0,7.647394454804042,93.3150838773075,7.0,1080.0,18270.0,25076.342105263157,43240.0,52.0,6,6
2015,822,1989-08-28,Finnish,136.0,5.0,0.0,0.0,0.0,2.0,24.0,24.0,3.0,British,257.0,3.0,9.0,6.0,6.0,28.0,Circuit Gilles Villeneuve,0.0,6.890497407941412,94.0310240752439,5.0,1037.0,16427.0,25183.315789473683,40488.0,14.0,0,Did Not Finish
2015,826,1994-04-26,Russian,95.0,7.0,0.0,0.0,0.0,0.0,20.0,20.0,9.0,Austrian,187.0,4.0,4.0,2.0,0.0,7.0,Hungaroring,0.5479647025334472,7.7063095991337285,99.83435109145785,8.0,1027.0,16453.0,24450.2,33979.0,33.0,12,Did Not Finish
2015,828,1990-09-02,Swedish,9.0,18.0,0.0,0.0,0.0,0.0,24.0,24.0,15.0,Swiss,36.0,8.0,0.0,0.0,0.0,2.0,Albert Park Grand Prix Circuit,0.6762328880092363,7.975329459878213,93.94679581666315,13.0,999.0,16211.0,25515.113636363636,49162.0,45.0,15,8
2015,829,1991-06-28,British,0.0,19.0,0.0,0.0,0.0,0.0,23.0,23.0,209.0,British,0.0,10.0,0.0,0.0,0.0,0.0,Sepang International Circuit,3.1367407639323734,10.962987751612275,80.89225756461963,17.0,872.0,17116.0,27162.71875,48861.0,33.0,0,Did Not Finish
2015,830,1997-09-30,Dutch,49.0,12.0,0.0,0.0,0.0,0.0,18.0,18.0,5.0,Italian,67.0,7.0,0.0,0.0,0.0,0.0,Hungaroring,0.23354931343771865,7.773755196981335,133.8755554747776,10.0,1025.0,16415.0,25845.048780487807,52821.0,32.0,11,Did Not Finish
2015,831,1992-08-21,Brazilian,27.0,13.0,0.0,0.0,0.0,0.0,23.0,23.0,15.0,Swiss,36.0,8.0,0.0,0.0,0.0,2.0,Albert Park Grand Prix Circuit,1.4010461144321094,8.04010738192232,93.97206429423738,12.0,1070.0,17235.0,25142.95348837209,35546.0,10.0,10,5
2015,832,1994-09-01,Spanish,18.0,15.0,0.0,0.0,0.0,0.0,21.0,21.0,5.0,Italian,67.0,7.0,0.0,0.0,0.0,0.0,Circuit of the Americas,0.32715078925127905,8.720244002541758,209.14727440933675,11.0,958.0,16660.0,27136.85714285714,55789.0,27.0,7,9
2015,833,1991-03-22,Spanish,0.0,19.0,0.0,0.0,0.0,0.0,24.0,24.0,209.0,British,0.0,10.0,0.0,0.0,0.0,0.0,Sepang International Circuit,3.673880713838447,11.036834500957168,92.4503404225451,17.0,737.0,18085.0,25784.32,35072.0,44.0,19,15
2015,834,1991-09-25,American,0.0,19.0,0.0,0.0,0.0,0.0,24.0,24.0,209.0,British,0.0,10.0,0.0,0.0,0.0,0.0,Marina Bay Street Circuit,4.790032805954144,12.232671430925086,69.66403751018218,18.0,302.0,25088.0,28321.545454545456,37748.0,27.0,20,14
2016,1,1985-01-07,British,380.0,2.0,3.0,2.0,0.0,10.0,22.0,22.0,131.0,German,765.0,1.0,3.0,1.0,0.0,7.0,Circuit de Monaco,0.0,12.664773542989316,2393.1059140730317,2.0,1186.0,16983.0,151195.58139534883,2010361.0,28.0,1,2
2016,3,1985-06-27,German,385.0,1.0,1.0,2.0,0.0,3.0,21.0,21.0,131.0,German,765.0,1.0,3.0,1.0,0.0,7.0,Albert Park Grand Prix Circuit,0.0,12.671405719498482,2390.593751831663,2.0,1202.0,17959.0,154456.2142857143,2009747.0,20.0,2,1
2016,4,1981-07-29,Spanish,54.0,10.0,2.0,4.0,0.0,9.0,20.0,20.0,1.0,British,76.0,6.0,9.0,13.0,9.0,39.0,Circuit de Monaco,0.0,13.813883077820648,2382.758337729324,10.0,1125.0,16764.0,122055.66666666667,2008789.0,9.0,11,Did Not Finish
2016,8,1979-10-17,Finnish,186.0,6.0,1.0,2.0,2.0,8.0,22.0,22.0,6.0,Italian,398.0,3.0,15.0,17.0,11.0,57.0,Bahrain International Circuit,0.0,9.197065649764633,1259.4199804487791,5.0,1094.0,18455.0,68510.30434782608,1089365.0,29.0,4,Did Not Finish
2016,13,1981-04-25,Brazilian,53.0,11.0,0.0,1.0,1.0,3.0,21.0,21.0,3.0,British,138.0,5.0,9.0,6.0,6.0,29.0,Albert Park Grand Prix Circuit,0.6206304684556453,14.504403048342445,2382.166344294004,9.0,1161.0,17388.0,134037.78,2009630.0,28.0,6,5
2016,18,1980-01-19,British,21.0,15.0,1.0,1.0,1.0,5.0,20.0,20.0,1.0,British,76.0,6.0,9.0,13.0,9.0,39.0,Red Bull Ring,0.474835710851098,15.118874708290807,2382.5520192251333,12.0,1032.0,16486.0,131347.35714285713,2010062.0,28.0,12,14
2016,20,1987-07-03,German,212.0,4.0,4.0,1.0,1.0,8.0,20.0,20.0,6.0,Italian,398.0,3.0,15.0,17.0,11.0,57.0,Shanghai International Circuit,0.0,13.595352535475385,2382.5426411113062,4.0,1057.0,19000.0,160969.75,2010637.0,37.0,3,3
2016,154,1986-04-17,French,29.0,13.0,0.0,0.0,0.0,0.0,23.0,23.0,210.0,American,29.0,8.0,0.0,0.0,0.0,0.0,Bahrain International Circuit,0.0991745472030774,10.826478689394731,1294.8211737474298,12.0,1030.0,18860.0,76684.45,1089417.0,17.0,19,6
2016,807,1987-08-19,German,72.0,9.0,0.0,0.0,0.0,0.0,23.0,23.0,10.0,Indian,173.0,4.0,0.0,0.0,0.0,2.0,Circuit de Spa-Francorchamps,0.0,15.104808431327136,2389.7356544165054,8.0,1042.0,16227.0,148543.13636363635,2008504.0,28.0,10,7
2016,815,1990-01-26,Mexican,101.0,7.0,0.0,0.0,0.0,0.0,21.0,21.0,10.0,Indian,173.0,4.0,0.0,0.0,0.0,2.0,Circuit de Monaco,0.4742451988542987,13.589984211412409,2389.144833245414,8.0,1260.0,16544.0,143301.9347826087,2008398.0,27.0,9,13
2016,817,1989-07-01,Australian,256.0,3.0,0.0,0.0,2.0,2.0,22.0,22.0,9.0,Austrian,468.0,2.0,4.0,3.0,0.0,8.0,Sepang International Circuit,0.0,12.731827177073745,2387.0312408416858,4.0,1267.0,18347.0,124046.6,2008600.0,32.0,8,4
2016,821,1991-08-05,Mexican,0.0,21.0,0.0,0.0,0.0,0.0,22.0,22.0,210.0,American,29.0,8.0,0.0,0.0,0.0,0.0,Albert Park Grand Prix Circuit,0.544959128065395,14.487920673898746,2382.56843092433,14.0,1096.0,16475.0,121028.86956521739,2011147.0,28.0,20,Did Not Finish
2016,822,1989-08-28,Finnish,85.0,8.0,0.0,0.0,0.0,2.0,24.0,24.0,3.0,British,138.0,5.0,9.0,6.0,6.0,29.0,Circuit Gilles Villeneuve,0.8874040208663033,14.381297512318095,2383.2342770060372,8.0,1186.0,17800.0,149417.93181818182,2008595.0,30.0,16,8
2016,825,1992-10-05,Danish,7.0,16.0,0.0,0.0,0.0,0.0,22.0,22.0,4.0,French,8.0,9.0,2.0,1.0,3.0,14.0,Sochi Autodrom,1.4289900943672704,15.153588721271113,2383.1123615262877,15.0,1077.0,17721.0,117773.10638297872,2008979.0,1.0,14,12
2016,826,1994-04-26,Russian,25.0,14.0,0.0,0.0,0.0,0.0,20.0,20.0,5.0,Italian,63.0,7.0,0.0,0.0,0.0,0.0,Shanghai International Circuit,0.0,15.13610336401933,2381.467674813903,14.0,969.0,19264.0,125233.08888888889,2011266.0,1.0,18,Did Not Finish
2016,826,1994-04-26,Russian,25.0,14.0,0.0,0.0,0.0,0.0,20.0,20.0,9.0,Austrian,468.0,2.0,4.0,3.0,0.0,8.0,Shanghai International Circuit,0.0,15.13610336401933,2381.467674813903,14.0,969.0,19264.0,125233.08888888889,2011266.0,1.0,18,Did Not Finish
2016,828,1990-09-02,Swedish,0.0,21.0,0.0,0.0,0.0,0.0,24.0,24.0,15.0,Swiss,2.0,10.0,0.0,0.0,0.0,2.0,Albert Park Grand Prix Circuit,2.2660468610602433,11.02077529069718,1273.7339460880705,16.0,1061.0,16419.0,51948.23809523809,1086875.0,29.0,15,Did Not Finish
2016,830,1997-09-30,Dutch,204.0,5.0,0.0,0.0,0.0,1.0,18.0,18.0,5.0,Italian,63.0,7.0,0.0,0.0,0.0,0.0,Circuit de Barcelona-Catalunya,0.0,13.405716421109107,2389.6008440302444,4.0,1176.0,17165.0,129891.11538461539,2009643.0,28.0,5,10
2016,830,1997-09-30,Dutch,204.0,5.0,0.0,0.0,0.0,1.0,18.0,18.0,9.0,Austrian,468.0,2.0,4.0,3.0,0.0,8.0,Circuit de Barcelona-Catalunya,0.0,13.405716421109107,2389.6008440302444,4.0,1176.0,17165.0,129891.11538461539,2009643.0,28.0,5,10
2016,831,1992-08-21,Brazilian,2.0,17.0,0.0,0.0,0.0,0.0,23.0,23.0,15.0,Swiss,2.0,10.0,0.0,0.0,0.0,2.0,Autódromo José Carlos Pace,0.7593364321205321,16.756683300229554,2388.6454486841335,16.0,1154.0,17739.0,165164.13333333333,2008206.0,7.0,17,15
2016,832,1994-09-01,Spanish,46.0,12.0,0.0,0.0,0.0,0.0,21.0,21.0,5.0,Italian,63.0,7.0,0.0,0.0,0.0,0.0,Circuit de Barcelona-Catalunya,0.7441717240405958,13.994890162624126,2387.6244065412343,10.0,1154.0,18636.0,127355.47727272728,2008828.0,28.0,7,9
2016,835,1991-01-20,British,1.0,18.0,0.0,0.0,0.0,0.0,25.0,25.0,4.0,French,8.0,9.0,2.0,1.0,3.0,14.0,Sepang International Circuit,1.0311311452317227,11.994273541296794,1274.6036383248872,15.0,961.0,16851.0,75992.975,1088294.0,11.0,13,11
2016,836,1994-10-18,German,1.0,18.0,0.0,0.0,0.0,0.0,22.0,22.0,209.0,British,1.0,11.0,0.0,0.0,0.0,0.0,Red Bull Ring,1.0224169683114244,15.785183975424726,2383.8872281812323,17.0,1048.0,18064.0,130449.16279069768,2008464.0,13.0,21,16
2016,837,1993-01-22,Indonesian,0.0,21.0,0.0,0.0,0.0,0.0,23.0,23.0,209.0,British,1.0,11.0,0.0,0.0,0.0,0.0,Albert Park Grand Prix Circuit,2.188852380189133,11.5472812115392,140.62536085913342,19.0,611.0,16218.0,25671.16,33405.0,44.0,22,Did Not Finish
2016,838,1992-03-26,Belgian,1.0,18.0,0.0,0.0,0.0,0.0,24.0,24.0,1.0,British,76.0,6.0,9.0,13.0,9.0,39.0,Bahrain International Circuit,1.7347219576215576,6.371187104422007,26.281196418365404,10.0,56.0,24604.0,24867.333333333332,25316.0,41.0,12,10
2016,839,1996-09-17,French,0.0,21.0,0.0,0.0,0.0,0.0,20.0,20.0,209.0,British,1.0,11.0,0.0,0.0,0.0,0.0,Circuit de Spa-Francorchamps,2.371564364835292,20.543583624332975,2386.4462809917354,18.0,508.0,23026.0,251578.6,2009052.0,31.0,17,16
2017,1,1985-01-07,British,363.0,1.0,4.0,2.0,0.0,11.0,22.0,22.0,131.0,German,668.0,1.0,4.0,1.0,0.0,8.0,Shanghai International Circuit,0.0,7.8604641182711,1330.6445219980471,2.0,1195.0,15234.0,59090.97222222222,1310768.0,31.0,1,2
2017,4,1981-07-29,Spanish,17.0,15.0,2.0,4.0,0.0,9.0,20.0,20.0,1.0,British,30.0,9.0,9.0,13.0,9.0,39.0,Hungaroring,0.0,10.562552090039636,1320.3081950097157,10.0,830.0,15104.0,65937.63333333333,1313187.0,2.0,12,Did Not Finish
2017,8,1979-10-17,Finnish,205.0,4.0,1.0,2.0,2.0,9.0,22.0,22.0,6.0,Italian,522.0,2.0,15.0,18.0,11.0,58.0,Circuit de Monaco,0.0,8.00243516988081,1539.3006641467118,4.0,1011.0,14943.0,73181.03225806452,1583848.0,29.0,4,4
2017,13,1981-04-25,Brazilian,43.0,10.0,0.0,1.0,1.0,3.0,21.0,21.0,3.0,British,83.0,5.0,9.0,6.0,6.0,30.0,Albert Park Grand Prix Circuit,1.187904967602592,9.72551898239595,1327.7269167931477,10.0,1019.0,15033.0,57176.256410256414,1310671.0,17.0,7,6
2017,18,1980-01-19,British,0.0,20.0,1.0,1.0,1.0,5.0,20.0,20.0,1.0,British,30.0,9.0,9.0,13.0,9.0,39.0,Circuit de Monaco,2.7960438385458435,6.77823267069036,55.47580860732424,19.0,57.0,24465.0,25261.0,26057.0,39.0,20,Did Not Finish
2017,20,1987-07-03,German,317.0,2.0,4.0,2.0,1.0,9.0,20.0,20.0,6.0,Italian,522.0,2.0,15.0,18.0,11.0,58.0,Albert Park Grand Prix Circuit,0.0,7.341820851520121,1328.7294206359181,2.0,1089.0,15174.0,60077.857142857145,1310808.0,34.0,2,1
2017,154,1986-04-17,French,28.0,13.0,0.0,0.0,0.0,0.0,23.0,23.0,210.0,American,47.0,8.0,0.0,0.0,0.0,0.0,Red Bull Ring,1.7489727195858242,10.48571457764213,1316.9439583917401,11.0,1037.0,15073.0,57919.94871794872,1313665.0,3.0,6,Did Not Finish
2017,807,1987-08-19,German,43.0,10.0,0.0,0.0,0.0,0.0,23.0,23.0,4.0,French,57.0,6.0,2.0,1.0,3.0,14.0,Circuit de Barcelona-Catalunya,0.19770408163265304,10.340748980531552,1322.786902678822,9.0,973.0,15638.0,60493.05405405405,1313641.0,1.0,11,11
2017,814,1986-04-16,British,0.0,20.0,0.0,0.0,0.0,0.0,25.0,25.0,3.0,British,83.0,5.0,9.0,6.0,6.0,30.0,Hungaroring,3.8163178768302117,10.960045064145733,65.23035095158515,17.0,60.0,22399.0,22399.0,22399.0,34.0,19,Did Not Finish
2017,815,1990-01-26,Mexican,100.0,7.0,0.0,0.0,0.0,0.0,21.0,21.0,10.0,Indian,187.0,4.0,0.0,0.0,0.0,3.0,Circuit de Barcelona-Catalunya,0.0,9.323248112910365,1547.2568904012915,7.0,1174.0,14951.0,61168.28571428572,1594609.0,12.0,10,7
2017,817,1989-07-01,Australian,200.0,5.0,0.0,0.0,2.0,3.0,22.0,22.0,9.0,Austrian,368.0,3.0,4.0,3.0,1.0,9.0,Baku City Circuit,0.0,9.927338300604161,1324.4999564969403,4.0,904.0,15135.0,63537.59375,1313343.0,38.0,0,Did Not Finish
2017,822,1989-08-28,Finnish,305.0,3.0,0.0,0.0,1.0,3.0,24.0,24.0,131.0,German,668.0,1.0,4.0,1.0,0.0,8.0,Sochi Autodrom,0.0,8.046592810309882,1310.374996374745,3.0,1168.0,14978.0,60452.45714285714,1313511.0,30.0,3,3
2017,825,1992-10-05,Danish,19.0,14.0,0.0,0.0,0.0,0.0,22.0,22.0,210.0,American,47.0,8.0,0.0,0.0,0.0,0.0,Baku City Circuit,0.12990201092404313,10.369972918029227,1321.5997525159269,11.0,1003.0,15128.0,61436.857142857145,1312704.0,1.0,17,Did Not Finish
2017,826,1994-04-26,Russian,5.0,18.0,0.0,0.0,0.0,0.0,20.0,20.0,5.0,Italian,53.0,7.0,0.0,0.0,0.0,0.0,Albert Park Grand Prix Circuit,0.1999121773093901,8.874404944096876,136.38582983460986,12.0,728.0,16139.0,27577.60714285714,106374.0,1.0,9,9
2017,828,1990-09-02,Swedish,0.0,20.0,0.0,0.0,0.0,0.0,24.0,24.0,15.0,Swiss,5.0,10.0,0.0,0.0,0.0,2.0,Albert Park Grand Prix Circuit,1.9580454466089647,11.1538347431583,1314.8751462186174,16.0,1034.0,17341.0,61670.97222222222,1314950.0,1.0,14,Did Not Finish
2017,830,1997-09-30,Dutch,168.0,6.0,0.0,0.0,0.0,1.0,18.0,18.0,9.0,Austrian,368.0,3.0,4.0,3.0,1.0,9.0,Sepang International Circuit,0.0,6.109029044325741,95.59005686616744,4.0,819.0,17421.0,24077.08,39888.0,32.0,5,5
2017,832,1994-09-01,Spanish,54.0,9.0,0.0,0.0,0.0,0.0,21.0,21.0,4.0,French,57.0,6.0,2.0,1.0,3.0,14.0,Marina Bay Street Circuit,1.3161847974300307,10.380437210636934,1318.5980413955783,9.0,881.0,14966.0,65850.66666666667,1313693.0,31.0,8,8
2017,832,1994-09-01,Spanish,54.0,9.0,0.0,0.0,0.0,0.0,21.0,21.0,5.0,Italian,53.0,7.0,0.0,0.0,0.0,0.0,Marina Bay Street Circuit,1.3161847974300307,10.380437210636934,1318.5980413955783,9.0,881.0,14966.0,65850.66666666667,1313693.0,31.0,8,8
2017,835,1991-01-20,British,8.0,17.0,0.0,0.0,0.0,0.0,25.0,25.0,4.0,French,57.0,6.0,2.0,1.0,3.0,14.0,Marina Bay Street Circuit,1.02099974233445,9.543171434257031,91.79110163035197,13.0,721.0,17291.0,24802.695652173912,31008.0,42.0,19,Did Not Finish
2017,836,1994-10-18,German,5.0,18.0,0.0,0.0,0.0,0.0,22.0,22.0,15.0,Swiss,5.0,10.0,0.0,0.0,0.0,2.0,Circuit de Barcelona-Catalunya,2.460671768707483,11.277716490154075,1306.7265397666301,16.0,948.0,18764.0,65063.22857142857,1315645.0,3.0,13,11
2017,838,1992-03-26,Belgian,13.0,16.0,0.0,0.0,0.0,0.0,24.0,24.0,1.0,British,30.0,9.0,9.0,13.0,9.0,39.0,Marina Bay Street Circuit,0.6226917461135446,10.519624304821601,1312.7096605794607,12.0,951.0,15097.0,66698.2258064516,1314189.0,12.0,18,13
2017,839,1996-09-17,French,87.0,8.0,0.0,0.0,0.0,0.0,20.0,20.0,10.0,Indian,187.0,4.0,0.0,0.0,0.0,3.0,Circuit de Barcelona-Catalunya,1.7383463691836691,9.213868178164375,1308.3815895051287,8.0,1117.0,15061.0,59411.56756756757,1313873.0,20.0,13,10
2017,840,1998-10-29,Canadian,40.0,12.0,0.0,0.0,0.0,0.0,19.0,19.0,3.0,British,83.0,5.0,9.0,6.0,6.0,30.0,Baku City Circuit,1.1513991329317044,9.966450657669505,1326.116336849025,13.0,1050.0,15327.0,58841.78378378379,1312728.0,29.0,20,Did Not Finish
2017,841,1993-12-14,Italian,0.0,20.0,0.0,0.0,0.0,0.0,24.0,24.0,15.0,Swiss,5.0,10.0,0.0,0.0,0.0,2.0,Albert Park Grand Prix Circuit,2.905082160438189,9.098915474721043,63.718048187212986,14.0,58.0,28591.0,29017.0,29443.0,15.0,16,12
2017,842,1996-02-07,French,0.0,20.0,0.0,0.0,0.0,0.0,21.0,21.0,5.0,Italian,53.0,7.0,0.0,0.0,0.0,0.0,Sepang International Circuit,1.4912393712960577,7.51319528786875,94.86937672428354,13.0,301.0,18207.0,21918.777777777777,25044.0,44.0,15,14
2017,843,1989-11-10,New Zealander,0.0,20.0,0.0,0.0,0.0,0.0,28.0,28.0,5.0,Italian,53.0,7.0,0.0,0.0,0.0,0.0,Circuit of the Americas,2.2635681116134445,8.01652632586373,94.20499971848432,15.0,179.0,17738.0,21595.714285714286,24400.0,35.0,19,13
2018,1,1985-01-07,British,408.0,1.0,5.0,2.0,0.0,12.0,22.0,22.0,131.0,German,655.0,1.0,5.0,1.0,0.0,9.0,Baku City Circuit,0.0,7.064682507769774,98.607870883849,2.0,1255.0,18978.0,23008.19230769231,29551.0,25.0,1,2
2018,4,1981-07-29,Spanish,50.0,11.0,2.0,4.0,0.0,9.0,20.0,20.0,1.0,British,62.0,6.0,9.0,13.0,9.0,39.0,Albert Park Grand Prix Circuit,0.4565820354171112,9.549237749599387,98.09028441758774,11.0,985.0,18956.0,25890.166666666668,56710.0,39.0,10,5
2018,8,1979-10-17,Finnish,251.0,3.0,1.0,2.0,3.0,10.0,22.0,22.0,6.0,Italian,571.0,2.0,15.0,19.0,11.0,59.0,Circuit of the Americas,0.0,7.745816501013232,98.21649392537066,4.0,1116.0,19647.0,25156.541666666668,38573.0,17.0,2,3
2018,20,1987-07-03,German,320.0,2.0,4.0,3.0,1.0,10.0,20.0,20.0,6.0,Italian,571.0,2.0,15.0,19.0,11.0,59.0,Albert Park Grand Prix Circuit,0.0,6.915628527055722,98.9329559796535,3.0,1248.0,18657.0,24363.55172413793,32612.0,26.0,3,1
2018,154,1986-04-17,French,37.0,14.0,0.0,0.0,0.0,0.0,23.0,23.0,210.0,American,93.0,5.0,0.0,0.0,0.0,1.0,Red Bull Ring,0.3339022829101771,8.405849437037789,76.8347773159992,10.0,1074.0,19752.0,24467.55172413793,35104.0,29.0,6,Did Not Finish
2018,807,1987-08-19,German,69.0,7.0,0.0,0.0,0.0,0.0,23.0,23.0,4.0,French,122.0,4.0,2.0,1.0,3.0,15.0,Hockenheimring,0.9889054832515467,8.482324240164358,78.21662593082198,8.0,936.0,19584.0,24305.666666666668,31183.0,50.0,7,7
2018,815,1990-01-26,Mexican,62.0,8.0,0.0,0.0,0.0,0.0,21.0,21.0,10.0,Indian,52.0,7.0,0.0,0.0,0.0,3.0,Baku City Circuit,1.00524018297844,8.859205726315157,96.89065667189352,10.0,1196.0,19667.0,24944.310344827587,30561.0,39.0,12,11
2018,817,1989-07-01,Australian,170.0,6.0,0.0,0.0,2.0,3.0,22.0,22.0,9.0,Austrian,419.0,3.0,4.0,3.0,2.0,10.0,Shanghai International Circuit,0.0,7.666058580220269,393.5777054362757,5.0,1034.0,19925.0,24094.55,37446.0,17.0,8,4
2018,822,1989-08-28,Finnish,247.0,5.0,0.0,0.0,1.0,4.0,24.0,24.0,131.0,German,655.0,1.0,5.0,1.0,0.0,9.0,Bahrain International Circuit,0.0,7.5567459100240555,132.65906075882197,3.0,1202.0,19188.0,24288.60714285714,33279.0,40.0,15,8
2018,825,1992-10-05,Danish,56.0,9.0,0.0,0.0,0.0,0.0,22.0,22.0,210.0,American,93.0,5.0,0.0,0.0,0.0,1.0,Bahrain International Circuit,0.0,8.890509690111454,100.80742565312082,9.0,1172.0,19818.0,26025.89285714286,38563.0,41.0,5,Did Not Finish
2018,828,1990-09-02,Swedish,9.0,17.0,0.0,0.0,0.0,0.0,24.0,24.0,15.0,Swiss,48.0,8.0,0.0,0.0,0.0,2.0,Bahrain International Circuit,1.443353957755494,9.387104982114035,105.78607499833569,14.0,1091.0,14998.0,25574.88,44107.0,1.0,17,Did Not Finish
2018,830,1997-09-30,Dutch,249.0,4.0,0.0,0.0,0.0,2.0,18.0,18.0,9.0,Austrian,419.0,3.0,4.0,3.0,2.0,10.0,Red Bull Ring,0.0,7.252912332487804,99.0566158004105,3.0,1127.0,19087.0,23535.19230769231,30381.0,17.0,4,6
2018,832,1994-09-01,Spanish,53.0,10.0,0.0,0.0,0.0,0.0,21.0,21.0,4.0,French,122.0,4.0,2.0,1.0,3.0,15.0,Baku City Circuit,0.4798397890291175,8.723347305001067,98.7965477237669,10.0,1195.0,18509.0,24137.233333333334,30242.0,32.0,9,10
2018,838,1992-03-26,Belgian,12.0,16.0,0.0,0.0,0.0,0.0,24.0,24.0,1.0,British,62.0,6.0,9.0,13.0,9.0,39.0,Bahrain International Circuit,1.1786607714235848,9.51401885467098,115.5705079605762,15.0,1200.0,19621.0,24980.272727272728,46557.0,40.0,11,9
2018,839,1996-09-17,French,49.0,12.0,0.0,0.0,0.0,0.0,20.0,20.0,10.0,Indian,52.0,7.0,0.0,0.0,0.0,3.0,Circuit de Monaco,1.3900149349263922,8.329246656354709,99.84574393493199,10.0,1052.0,19570.0,25472.565217391304,47910.0,23.0,14,12
2018,840,1998-10-29,Canadian,6.0,18.0,0.0,0.0,0.0,0.0,19.0,19.0,3.0,British,7.0,10.0,9.0,6.0,6.0,30.0,Baku City Circuit,0.9210880689469433,9.74850678469479,99.28763802854834,15.0,1156.0,18610.0,24925.0,41048.0,23.0,13,14
2018,842,1996-02-07,French,29.0,15.0,0.0,0.0,0.0,0.0,21.0,21.0,5.0,Italian,33.0,9.0,0.0,0.0,0.0,0.0,Bahrain International Circuit,1.1979944527416257,8.837646442340853,77.56231633206212,12.0,1032.0,19512.0,24138.64,34650.0,34.0,20,Did Not Finish
2018,843,1989-11-10,New Zealander,4.0,19.0,0.0,0.0,0.0,0.0,28.0,28.0,5.0,Italian,33.0,9.0,0.0,0.0,0.0,0.0,Circuit of the Americas,1.0123746532963516,9.737548742471875,93.65382899249117,14.0,999.0,18084.0,24615.666666666668,41012.0,1.0,16,15
2018,844,1997-10-16,Monegasque,39.0,13.0,0.0,0.0,0.0,0.0,21.0,21.0,15.0,Swiss,48.0,8.0,0.0,0.0,0.0,2.0,Baku City Circuit,1.4060166417751228,9.010281548716021,100.32126056526562,11.0,1058.0,19267.0,24773.64,38891.0,20.0,18,13
2018,845,1995-08-27,Russian,1.0,20.0,0.0,0.0,0.0,0.0,23.0,23.0,3.0,British,7.0,10.0,9.0,6.0,6.0,30.0,Autodromo Nazionale di Monza,0.8779603157670152,9.498746935864068,90.47691895819788,16.0,1118.0,19791.0,24706.516129032258,34022.0,24.0,19,Did Not Finish
2019,1,1985-01-07,British,413.0,1.0,6.0,2.0,0.0,13.0,22.0,22.0,131.0,German,739.0,1.0,6.0,1.0,0.0,10.0,Circuit de Barcelona-Catalunya,0.0,7.4320338049511125,128.5263226564029,2.0,1262.0,19610.0,25168.823529411766,69022.0,28.0,1,2
2019,8,1979-10-17,Finnish,43.0,12.0,1.0,2.0,3.0,10.0,22.0,22.0,51.0,Swiss,57.0,8.0,0.0,0.0,0.0,0.0,Autódromo José Carlos Pace,1.0727988691437804,9.287157847698058,91.54714419078334,11.0,1224.0,20930.0,25333.714285714286,39046.0,15.0,9,8
2019,9,1984-12-07,Polish,1.0,19.0,0.0,0.0,1.0,1.0,22.0,22.0,3.0,British,1.0,10.0,9.0,6.0,6.0,30.0,Hockenheimring,1.8477382875605817,11.291364406529626,78.68963761351098,18.0,1179.0,15069.0,24544.95,32997.0,44.0,20,17
2019,20,1987-07-03,German,240.0,5.0,4.0,3.0,1.0,11.0,20.0,20.0,6.0,Italian,504.0,2.0,15.0,20.0,11.0,60.0,Marina Bay Street Circuit,0.0,7.777454805137765,76.37810685628548,3.0,1178.0,19586.0,24942.513513513513,38468.0,38.0,3,4
2019,154,1986-04-17,French,8.0,18.0,0.0,0.0,0.0,0.0,23.0,23.0,210.0,American,28.0,9.0,0.0,0.0,0.0,1.0,Hockenheimring,2.2408299370137086,9.93762823744208,97.88505447191598,14.0,1043.0,20622.0,25314.58620689655,43576.0,34.0,6,Did Not Finish
2019,807,1987-08-19,German,37.0,13.0,0.0,0.0,0.0,0.0,23.0,23.0,4.0,French,91.0,5.0,2.0,1.0,3.0,16.0,Autodromo Nazionale di Monza,1.8231540565177755,8.804780287135001,86.0208209567456,11.0,1182.0,20118.0,24385.1935483871,34264.0,29.0,11,7
2019,815,1990-01-26,Mexican,52.0,10.0,0.0,0.0,0.0,0.0,21.0,21.0,211.0,British,73.0,7.0,0.0,0.0,0.0,0.0,Baku City Circuit,1.5814317447495962,7.870077023800637,86.98973096834422,11.0,1169.0,20939.0,25678.384615384617,38032.0,24.0,10,13
2019,817,1989-07-01,Australian,54.0,9.0,0.0,0.0,2.0,3.0,22.0,22.0,4.0,French,91.0,5.0,2.0,1.0,3.0,16.0,Autodromo Nazionale di Monza,0.8062245276028158,8.195090405256794,106.88693727091405,10.0,1120.0,20884.0,25684.76,36031.0,1.0,12,Did Not Finish
2019,822,1989-08-28,Finnish,326.0,2.0,0.0,1.0,1.0,5.0,24.0,24.0,131.0,German,739.0,1.0,6.0,1.0,0.0,10.0,Albert Park Grand Prix Circuit,0.0,7.219855413123195,85.3271576749951,3.0,1233.0,20006.0,24037.08823529412,33328.0,36.0,2,1
2019,825,1992-10-05,Danish,20.0,16.0,0.0,0.0,0.0,0.0,22.0,22.0,210.0,American,28.0,9.0,0.0,0.0,0.0,1.0,Albert Park Grand Prix Circuit,0.0,9.838002372832877,84.71243882429489,13.0,1187.0,16224.0,23811.486486486487,32767.0,45.0,7,6
2019,826,1994-04-26,Russian,37.0,13.0,0.0,0.0,0.0,0.0,20.0,20.0,5.0,Italian,85.0,6.0,0.0,0.0,0.0,0.0,Hockenheimring,0.8494042810985459,9.34566971029328,87.81659277378586,12.0,1194.0,17257.0,25721.91176470588,43206.0,21.0,15,10
2019,830,1997-09-30,Dutch,278.0,3.0,0.0,0.0,1.0,3.0,18.0,18.0,9.0,Austrian,417.0,3.0,4.0,3.0,3.0,11.0,Red Bull Ring,0.0,7.888915356117545,96.81320546550116,4.0,1180.0,19062.0,23682.96875,31211.0,25.0,4,3
2019,832,1994-09-01,Spanish,96.0,6.0,0.0,0.0,0.0,0.0,21.0,21.0,1.0,British,145.0,4.0,9.0,13.0,9.0,40.0,Autódromo José Carlos Pace,0.9514635050018526,9.098755664995315,93.27137967127783,9.0,1133.0,19755.0,26648.89285714286,59291.0,46.0,18,Did Not Finish
2019,840,1998-10-29,Canadian,21.0,15.0,0.0,0.0,0.0,0.0,19.0,19.0,211.0,British,73.0,7.0,0.0,0.0,0.0,0.0,Hockenheimring,1.547393828690717,9.066190672933072,98.00378367799595,13.0,1211.0,18838.0,25050.222222222223,39188.0,44.0,16,9
2019,841,1993-12-14,Italian,14.0,17.0,0.0,0.0,0.0,0.0,24.0,24.0,51.0,Swiss,57.0,8.0,0.0,0.0,0.0,0.0,Autódromo José Carlos Pace,1.081675422191732,9.554601500980747,90.8781012192707,14.0,1211.0,20096.0,26089.363636363636,43411.0,7.0,14,15
2019,842,1996-02-07,French,95.0,7.0,0.0,0.0,0.0,0.0,21.0,21.0,5.0,Italian,85.0,6.0,0.0,0.0,0.0,0.0,Autódromo José Carlos Pace,0.0,8.856739359251362,94.91074712155931,8.0,1234.0,19875.0,24082.833333333332,32482.0,28.0,17,11
2019,842,1996-02-07,French,95.0,7.0,0.0,0.0,0.0,0.0,21.0,21.0,9.0,Austrian,417.0,3.0,4.0,3.0,3.0,11.0,Autódromo José Carlos Pace,0.0,8.856739359251362,94.91074712155931,8.0,1234.0,19875.0,24082.833333333332,32482.0,28.0,17,11
2019,844,1997-10-16,Monegasque,264.0,4.0,0.0,0.0,0.0,1.0,21.0,21.0,6.0,Italian,504.0,2.0,15.0,20.0,11.0,60.0,Circuit de Spa-Francorchamps,0.0,7.13922634484171,81.12336094983364,3.0,1156.0,19857.0,24281.25,30502.0,22.0,5,5
2019,846,1999-11-13,British,49.0,11.0,0.0,0.0,0.0,0.0,20.0,20.0,1.0,British,145.0,4.0,9.0,13.0,9.0,40.0,Bahrain International Circuit,1.7968404928154573,8.58957441202944,158.5369547657512,9.0,1102.0,19819.0,25663.928571428572,50738.0,25.0,8,12
2019,847,1998-02-15,British,0.0,20.0,0.0,0.0,0.0,0.0,21.0,21.0,3.0,British,1.0,10.0,9.0,6.0,6.0,30.0,Albert Park Grand Prix Circuit,2.3033765940850865,10.131809893920893,80.31627485926052,17.0,1182.0,19287.0,24395.647058823528,38752.0,25.0,19,16
2019,848,1996-03-23,Thai,92.0,8.0,0.0,0.0,0.0,0.0,23.0,23.0,5.0,Italian,85.0,6.0,0.0,0.0,0.0,0.0,Suzuka Circuit,0.11737681744749597,8.880968970102275,112.09422616317586,10.0,1245.0,19931.0,25124.967741935485,37950.0,25.0,13,14
2019,848,1996-03-23,Thai,92.0,8.0,0.0,0.0,0.0,0.0,23.0,23.0,9.0,Austrian,417.0,3.0,4.0,3.0,3.0,11.0,Suzuka Circuit,0.11737681744749597,8.880968970102275,112.09422616317586,10.0,1245.0,19931.0,25124.967741935485,37950.0,25.0,13,14
2020,1,1985-01-07,British,347.0,1.0,7.0,2.0,0.0,14.0,22.0,22.0,131.0,German,573.0,1.0,7.0,1.0,0.0,11.0,Hungaroring,0.0,16.826207379805844,1933.327290745172,1.0,950.0,16365.0,196493.4193548387,1516864.0,45.0,5,4
2020,8,1979-10-17,Finnish,4.0,16.0,1.0,2.0,3.0,10.0,22.0,22.0,51.0,Swiss,8.0,8.0,0.0,0.0,0.0,0.0,Autodromo Internazionale del Mugello,1.21078810217387,18.238743080832517,1933.3333333333333,14.0,1009.0,17594.0,180354.73529411765,1520985.0,44.0,19,Did Not Finish
2020,20,1987-07-03,German,33.0,13.0,4.0,3.0,1.0,11.0,20.0,20.0,6.0,Italian,131.0,6.0,15.0,20.0,11.0,60.0,Istanbul Park,0.5439629035134653,16.933113290987535,1918.7725952329608,11.0,914.0,17516.0,148039.12903225806,1449513.0,51.0,11,10
2020,154,1986-04-17,French,2.0,19.0,0.0,0.0,0.0,0.0,23.0,23.0,210.0,American,3.0,9.0,0.0,0.0,0.0,1.0,Nürburgring,2.358512508954904,18.40389518538204,1931.5193483672929,15.0,800.0,22444.0,196820.875,1530188.0,42.0,15,Did Not Finish
2020,807,1987-08-19,German,10.0,15.0,0.0,0.0,0.0,0.0,23.0,23.0,211.0,British,195.0,4.0,0.0,0.0,0.0,1.0,Silverstone Circuit,1.8496116493877965,7.410654000120387,55.90374295147438,8.0,112.0,22686.0,26297.8,28981.0,44.0,13,Did Not Finish
2020,815,1990-01-26,Mexican,125.0,4.0,0.0,0.0,0.0,1.0,21.0,21.0,211.0,British,195.0,4.0,0.0,0.0,0.0,1.0,Bahrain International Circuit,0.8429239972832913,18.637688395272985,1931.8964058685615,5.0,879.0,16546.0,221631.85185185185,1524989.0,45.0,6,6
2020,817,1989-07-01,Australian,119.0,5.0,0.0,0.0,2.0,4.0,22.0,22.0,4.0,French,181.0,5.0,2.0,1.0,3.0,17.0,Nürburgring,0.0,17.572881239085742,1931.809392599038,7.0,979.0,17464.0,208195.1379310345,1523637.0,14.0,10,Did Not Finish
2020,822,1989-08-28,Finnish,223.0,2.0,0.0,2.0,1.0,6.0,24.0,24.0,131.0,German,573.0,1.0,7.0,1.0,0.0,11.0,Sochi Autodrom,0.0,17.287337149044877,1952.053074220187,2.0,994.0,16407.0,177274.42857142858,1522264.0,26.0,1,1
2020,825,1992-10-05,Danish,1.0,20.0,0.0,0.0,0.0,0.0,22.0,22.0,210.0,American,3.0,9.0,0.0,0.0,0.0,1.0,Hungaroring,0.5582278127703916,12.36142987106169,1372.572651987741,14.0,814.0,21977.0,81532.17391304347,1156990.0,31.0,16,Did Not Finish
2020,826,1994-04-26,Russian,32.0,14.0,0.0,0.0,0.0,0.0,20.0,20.0,213.0,Italian,107.0,7.0,0.0,0.0,0.0,0.0,Autodromo Enzo e Dino Ferrari,1.7616867804133722,18.229806189480957,1932.2287482174363,11.0,986.0,17522.0,191643.6875,1524139.0,51.0,13,12
2020,830,1997-09-30,Dutch,214.0,3.0,0.0,0.0,2.0,4.0,18.0,18.0,9.0,Austrian,319.0,2.0,4.0,4.0,3.0,12.0,Silverstone Circuit,0.0,12.6682186963277,1932.6070142363378,2.0,795.0,20937.0,125957.65384615384,1522796.0,26.0,2,Did Not Finish
2020,832,1994-09-01,Spanish,105.0,6.0,0.0,0.0,0.0,0.0,21.0,21.0,1.0,British,202.0,3.0,9.0,13.0,10.0,41.0,Autodromo Nazionale di Monza,0.0,14.488763782340982,1936.7909022792642,7.0,882.0,20064.0,119373.07142857143,1522369.0,26.0,8,5
2020,839,1996-09-17,French,62.0,12.0,0.0,0.0,0.0,0.0,20.0,20.0,4.0,French,181.0,5.0,2.0,1.0,3.0,17.0,Bahrain International Circuit,0.9834113301638399,14.934389845187694,1933.025161337104,9.0,861.0,17455.0,150171.95238095237,1523223.0,34.0,14,8
2020,840,1998-10-29,Canadian,75.0,10.0,0.0,0.0,0.0,0.0,19.0,19.0,211.0,British,195.0,4.0,0.0,0.0,0.0,1.0,Autodromo Nazionale di Monza,0.9313754632106692,17.10777211206837,1932.8015855751335,7.0,785.0,17625.0,194412.70833333334,1517308.0,52.0,9,Did Not Finish
2020,841,1993-12-14,Italian,4.0,16.0,0.0,0.0,0.0,0.0,24.0,24.0,51.0,Swiss,8.0,8.0,0.0,0.0,0.0,0.0,Red Bull Ring,0.7421278956859482,15.376367812336346,1933.3260822275395,14.0,893.0,19678.0,121914.03703703704,1521825.0,20.0,18,9
2020,842,1996-02-07,French,75.0,10.0,0.0,0.0,0.0,0.0,21.0,21.0,213.0,Italian,107.0,7.0,0.0,0.0,0.0,0.0,Autodromo Nazionale di Monza,0.2071524270844069,14.436424528227132,1933.7248930461897,9.0,864.0,19911.0,129684.68,1519879.0,26.0,12,7
2020,844,1997-10-16,Monegasque,98.0,8.0,0.0,0.0,0.0,1.0,21.0,21.0,6.0,Italian,131.0,6.0,15.0,20.0,11.0,60.0,Red Bull Ring,0.332145548598383,17.357921866048972,1899.3733588725534,7.0,822.0,17516.0,160831.7142857143,1436871.0,13.0,7,2
2020,846,1999-11-13,British,97.0,9.0,0.0,0.0,0.0,0.0,20.0,20.0,1.0,British,202.0,3.0,9.0,13.0,10.0,41.0,Red Bull Ring,0.0,17.68832404505561,1931.844439610374,9.0,1015.0,17845.0,181508.82352941178,1522009.0,29.0,3,3
2020,847,1998-02-15,British,3.0,18.0,0.0,0.0,0.0,0.0,21.0,21.0,3.0,British,0.0,10.0,9.0,6.0,6.0,30.0,Bahrain International Circuit,0.0,19.08742918678428,1933.2402774756486,15.0,910.0,18399.0,181203.9411764706,1527938.0,50.0,17,Did Not Finish
2020,847,1998-02-15,British,3.0,18.0,0.0,0.0,0.0,0.0,21.0,21.0,131.0,German,573.0,1.0,7.0,1.0,0.0,11.0,Bahrain International Circuit,0.0,19.08742918678428,1933.2402774756486,15.0,910.0,18399.0,181203.9411764706,1527938.0,50.0,17,Did Not Finish
2020,848,1996-03-23,Thai,105.0,6.0,0.0,0.0,0.0,0.0,23.0,23.0,9.0,Austrian,319.0,2.0,4.0,4.0,3.0,12.0,Autodromo Internazionale del Mugello,0.2982383132195866,17.820017939233562,1933.1460131003312,7.0,994.0,17035.0,176928.17142857143,1528247.0,34.0,4,13
2020,849,1995-06-29,Canadian,0.0,21.0,0.0,0.0,0.0,0.0,25.0,25.0,3.0,British,0.0,10.0,9.0,6.0,6.0,30.0,Red Bull Ring,0.5256645236921187,15.978561608310232,1934.016145795567,17.0,915.0,19488.0,107796.375,1523130.0,26.0,20,11
2020,850,1996-06-25,Brazilian,0.0,21.0,0.0,0.0,0.0,0.0,24.0,24.0,210.0,American,3.0,9.0,0.0,0.0,0.0,1.0,Bahrain International Circuit,0.7738342944335455,12.103369167424436,74.42964406902028,18.0,140.0,23217.0,26316.833333333332,28501.0,63.0,20,17
2020,851,1995-09-23,British,0.0,21.0,0.0,0.0,0.0,0.0,25.0,25.0,3.0,British,0.0,10.0,9.0,6.0,6.0,30.0,Bahrain International Circuit,3.58818857844199,14.2866982507591,96.29088152479966,16.0,87.0,24863.0,30193.0,40028.0,59.0,17,16
2021,1,1985-01-07,British,387.5,2.0,7.0,3.0,0.0,15.0,22.0,22.0,131.0,German,613.5,1.0,8.0,1.0,0.0,12.0,Jeddah Corniche Circuit,0.0,16.490929517277163,2415.493641174944,2.0,1269.0,15432.0,214770.59574468085,2048376.0,28.0,1,1
2021,4,1981-07-29,Spanish,81.0,10.0,2.0,4.0,0.0,9.0,20.0,20.0,214.0,French,155.0,5.0,0.0,0.0,0.0,1.0,Losail International Circuit,0.7781917653162288,18.318548183294816,2420.358396244513,10.0,1257.0,15432.0,244165.26829268291,2058580.0,39.0,3,3
2021,8,1979-10-17,Finnish,10.0,16.0,1.0,2.0,3.0,10.0,22.0,22.0,51.0,Swiss,13.0,9.0,0.0,0.0,0.0,0.0,Sochi Autodrom,1.0719652376987203,20.23741061362763,2422.456187864631,12.0,1061.0,15064.0,282899.6285714286,2062984.0,37.0,16,14
2021,9,1984-12-07,Polish,0.0,19.0,0.0,0.0,1.0,1.0,22.0,22.0,51.0,Swiss,13.0,9.0,0.0,0.0,0.0,0.0,Circuit Park Zandvoort,1.2227043342923172,9.897586268230075,82.66400980993257,15.0,123.0,19708.0,22104.5,24501.0,40.0,16,15
2021,20,1987-07-03,German,43.0,12.0,4.0,3.0,1.0,11.0,20.0,20.0,117.0,British,77.0,7.0,0.0,0.0,0.0,1.0,Baku City Circuit,0.3914587341239077,18.35117164628668,2417.1107123915276,11.0,1263.0,14945.0,232763.86046511628,2055222.0,26.0,10,10
2021,815,1990-01-26,Mexican,190.0,4.0,0.0,0.0,0.0,2.0,21.0,21.0,9.0,Austrian,585.5,2.0,4.0,5.0,3.0,13.0,Baku City Circuit,0.0,14.84997723551497,2441.6522789081105,4.0,1186.0,15277.0,176663.48837209304,2076405.0,2.0,11,4
2021,817,1989-07-01,Australian,115.0,8.0,0.0,0.0,2.0,4.0,22.0,22.0,1.0,British,275.0,4.0,9.0,13.0,10.0,42.0,Autodromo Nazionale di Monza,0.0,18.099680627342014,2418.3915050159676,9.0,1267.0,14994.0,262390.2105263158,2051281.0,30.0,14,12
2021,822,1989-08-28,Finnish,226.0,3.0,0.0,2.0,2.0,7.0,24.0,24.0,131.0,German,613.5,1.0,8.0,1.0,0.0,12.0,Istanbul Park,0.0,14.796323562985805,2415.650495954501,4.0,1134.0,17837.0,180157.02564102566,2049149.0,30.0,6,Did Not Finish
2021,830,1997-09-30,Dutch,395.5,1.0,1.0,0.0,2.0,5.0,18.0,18.0,9.0,Austrian,585.5,2.0,4.0,5.0,3.0,13.0,Circuit Paul Ricard,0.0,13.123041944060281,2211.2044014497665,1.0,1211.0,17807.0,141722.7906976744,1621361.0,40.0,7,2
2021,832,1994-09-01,Spanish,164.5,5.0,0.0,0.0,0.0,1.0,21.0,21.0,6.0,Italian,323.5,3.0,15.0,20.0,12.0,61.0,Circuit de Monaco,0.8807715889260954,17.301622554548782,2420.017603845763,6.0,1294.0,15119.0,269565.75675675675,2059122.0,48.0,5,7
2021,839,1996-09-17,French,74.0,11.0,0.0,0.0,0.0,0.0,20.0,20.0,214.0,French,155.0,5.0,0.0,0.0,0.0,1.0,Hungaroring,0.8890251379521766,17.39248866628214,2424.277508830134,10.0,1152.0,17818.0,237795.24242424243,2066994.0,31.0,9,5
2021,840,1998-10-29,Canadian,34.0,13.0,0.0,0.0,0.0,0.0,19.0,19.0,117.0,British,77.0,7.0,0.0,0.0,0.0,1.0,Losail International Circuit,1.2274206480215064,15.48841368062289,2425.6305223602694,11.0,1170.0,17935.0,185717.91428571427,2067861.0,39.0,12,6
2021,841,1993-12-14,Italian,3.0,18.0,0.0,0.0,0.0,0.0,24.0,24.0,51.0,Swiss,13.0,9.0,0.0,0.0,0.0,0.0,Jeddah Corniche Circuit,1.047080330395,18.658759334479186,2429.1614475777783,14.0,1254.0,14881.0,221959.58695652173,2070250.0,33.0,18,15
2021,842,1996-02-07,French,110.0,9.0,0.0,0.0,0.0,0.0,21.0,21.0,213.0,Italian,142.0,6.0,0.0,0.0,0.0,0.0,Baku City Circuit,0.0,19.42642675614803,2428.7755171129693,7.0,1126.0,15085.0,238446.2619047619,2067244.0,13.0,2,11
2021,844,1997-10-16,Monegasque,159.0,7.0,0.0,0.0,0.0,1.0,21.0,21.0,6.0,Italian,323.5,3.0,15.0,20.0,12.0,61.0,Silverstone Circuit,0.5977927651747394,17.000169333194318,2413.155489353059,5.0,1145.0,15092.0,230268.0,2047731.0,47.0,13,8
2021,846,1999-11-13,British,160.0,6.0,0.0,0.0,0.0,0.0,20.0,20.0,1.0,British,275.0,4.0,9.0,13.0,10.0,42.0,Autodromo Nazionale di Monza,0.0,16.439650041471648,2418.2504485595314,6.0,1223.0,15866.0,220824.0,2052218.0,30.0,4,9
2021,847,1998-02-15,British,16.0,15.0,0.0,0.0,0.0,0.0,21.0,21.0,3.0,British,23.0,8.0,9.0,6.0,6.0,30.0,Circuit de Spa-Francorchamps,0.9634376614784301,15.142845623317651,2428.9560693772073,14.0,1141.0,18179.0,191731.4358974359,2072543.0,26.0,15,17
2021,849,1995-06-29,Canadian,7.0,17.0,0.0,0.0,0.0,0.0,25.0,25.0,3.0,British,23.0,8.0,9.0,6.0,6.0,30.0,Hungaroring,1.3453284912512382,17.17500811945444,2430.798830924089,17.0,1191.0,18153.0,229328.2972972973,2077164.0,23.0,17,Did Not Finish
2021,852,2000-05-11,Japanese,32.0,14.0,0.0,0.0,0.0,0.0,21.0,21.0,213.0,Italian,142.0,6.0,0.0,0.0,0.0,0.0,Yas Marina Circuit,0.43835721327322674,20.06559618146611,2428.63220375323,13.0,1078.0,14943.0,250616.05,2075695.0,15.0,8,13
2021,853,1999-03-02,Russian,0.0,19.0,0.0,0.0,0.0,0.0,22.0,22.0,210.0,American,0.0,10.0,0.0,0.0,0.0,1.0,Losail International Circuit,2.8179974531905865,21.63519434239521,2443.0493020526537,18.0,1008.0,15054.0,211286.04761904763,2076977.0,31.0,20,18
2021,854,1999-03-22,German,0.0,19.0,0.0,0.0,0.0,0.0,22.0,22.0,210.0,American,0.0,10.0,0.0,0.0,0.0,1.0,Losail International Circuit,2.2343536292034147,18.256437823074695,2428.528386201293,18.0,1135.0,15058.0,201851.2,2075728.0,34.0,19,16
2022,1,1985-01-07,British,240.0,6.0,7.0,3.0,0.0,15.0,22.0,22.0,131.0,German,515.0,3.0,8.0,1.0,1.0,13.0,Hungaroring,0.0,14.311455848337342,3435.031488233344,4.0,1246.0,14155.0,144233.81578947368,3046888.0,22.0,5,3
2022,4,1981-07-29,Spanish,81.0,9.0,2.0,4.0,0.0,9.0,20.0,20.0,214.0,French,173.0,4.0,0.0,0.0,0.0,2.0,Silverstone Circuit,0.0009577534934058672,15.28146964871861,3440.1115898795715,8.0,1118.0,15762.0,144040.3947368421,3055700.0,18.0,8,9
2022,20,1987-07-03,German,37.0,11.0,4.0,3.0,1.0,11.0,20.0,20.0,117.0,British,55.0,6.0,0.0,0.0,0.0,1.0,Baku City Circuit,1.6428610221039481,15.469720634132283,3435.1629654181856,11.0,1101.0,14349.0,162892.12121212122,3067301.0,41.0,17,Did Not Finish
2022,807,1987-08-19,German,0.0,22.0,0.0,0.0,0.0,0.0,23.0,23.0,117.0,British,55.0,6.0,0.0,0.0,0.0,1.0,Bahrain International Circuit,2.2011480454853003,11.013942924945226,72.51347753017438,16.0,107.0,21425.0,25312.5,27365.0,37.0,17,17
2022,815,1990-01-26,Mexican,305.0,3.0,0.0,0.0,1.0,3.0,21.0,21.0,9.0,Austrian,759.0,1.0,5.0,5.0,3.0,14.0,Circuit de Monaco,0.0,14.322082744255056,3421.0131477184837,3.0,1183.0,14113.0,131369.69047619047,3034772.0,33.0,4,18
2022,817,1989-07-01,Australian,37.0,11.0,0.0,0.0,2.0,4.0,22.0,22.0,1.0,British,159.0,5.0,9.0,13.0,10.0,43.0,Marina Bay Street Circuit,2.084040235986909,14.932374370147329,3433.3112363274777,12.0,1195.0,14493.0,132748.11904761905,3063314.0,19.0,18,14
2022,822,1989-08-28,Finnish,49.0,10.0,0.0,2.0,2.0,7.0,24.0,24.0,51.0,Swiss,55.0,6.0,0.0,0.0,0.0,0.0,Autodromo Enzo e Dino Ferrari,1.5551360413998865,15.302502077472278,3435.8645453541044,10.0,1136.0,18413.0,172745.03225806452,3055732.0,45.0,6,6
2022,825,1992-10-05,Danish,25.0,13.0,0.0,0.0,0.0,0.0,22.0,22.0,210.0,American,37.0,8.0,0.0,0.0,0.0,1.0,Bahrain International Circuit,1.2495361983543225,14.147802499258955,3433.226162854933,14.0,1132.0,14175.0,120976.36111111111,3063613.0,18.0,7,5
2022,830,1997-09-30,Dutch,454.0,1.0,2.0,0.0,2.0,6.0,18.0,18.0,9.0,Austrian,759.0,1.0,5.0,5.0,3.0,14.0,Autodromo Enzo e Dino Ferrari,0.0,13.706289987056435,3430.5988288586896,2.0,1271.0,14113.0,120640.46808510639,3037323.0,18.0,2,19
2022,832,1994-09-01,Spanish,246.0,5.0,0.0,0.0,0.0,2.0,21.0,21.0,6.0,Italian,554.0,2.0,15.0,21.0,12.0,62.0,Silverstone Circuit,0.0,14.075276349594061,3425.546348469782,3.0,1033.0,19493.0,143643.45714285714,3031752.0,17.0,3,2
2022,839,1996-09-17,French,92.0,8.0,0.0,0.0,0.0,0.0,20.0,20.0,214.0,French,173.0,4.0,0.0,0.0,0.0,2.0,Suzuka Circuit,1.0657193605683837,14.544732324001712,3309.507236769418,9.0,1243.0,14041.0,147885.33333333334,2950760.0,18.0,11,7
2022,840,1998-10-29,Canadian,18.0,15.0,0.0,0.0,0.0,0.0,19.0,19.0,117.0,British,55.0,6.0,0.0,0.0,0.0,1.0,Marina Bay Street Circuit,0.7604562737642585,15.104559658153198,3438.947077670976,12.0,1234.0,14118.0,127873.77272727272,3069017.0,40.0,19,12
2022,842,1996-02-07,French,23.0,14.0,0.0,0.0,0.0,0.0,21.0,21.0,213.0,Italian,35.0,9.0,0.0,0.0,0.0,0.0,Baku City Circuit,0.9347674095641264,15.052671415743204,3426.361727985858,13.0,1237.0,13973.0,133045.7857142857,3048950.0,40.0,10,Did Not Finish
2022,844,1997-10-16,Monegasque,308.0,2.0,0.0,1.0,0.0,2.0,21.0,21.0,6.0,Italian,554.0,2.0,15.0,21.0,12.0,62.0,Bahrain International Circuit,0.0,14.47766190892394,3426.325267926196,2.0,1189.0,14008.0,129264.76744186046,3036360.0,21.0,1,1
2022,846,1999-11-13,British,122.0,7.0,0.0,0.0,0.0,0.0,20.0,20.0,1.0,British,159.0,5.0,9.0,13.0,10.0,43.0,Autodromo Enzo e Dino Ferrari,0.0,14.378766929523202,3429.8353773063754,8.0,1253.0,17556.0,133363.42857142858,3043215.0,42.0,13,15
2022,847,1998-02-15,British,275.0,4.0,0.0,0.0,0.0,1.0,21.0,21.0,131.0,German,515.0,3.0,8.0,1.0,1.0,13.0,Autódromo José Carlos Pace,0.0,11.487287314886949,1628.0950022090424,4.0,1240.0,18479.0,60500.604651162794,1177545.0,13.0,9,4
2022,848,1996-03-23,Thai,4.0,19.0,0.0,0.0,0.0,0.0,23.0,23.0,3.0,British,8.0,10.0,9.0,6.0,6.0,30.0,Miami International Autodrome,1.7513095224626942,12.351442394189199,1636.8869907487983,15.0,1100.0,14114.0,54369.84210526316,1185676.0,18.0,14,13
2022,849,1995-06-29,Canadian,2.0,20.0,0.0,0.0,0.0,0.0,25.0,25.0,3.0,British,8.0,10.0,9.0,6.0,6.0,30.0,Suzuka Circuit,1.3417541100434964,16.01656453256397,3433.5830294995026,18.0,1155.0,14459.0,120419.35416666667,3051904.0,19.0,20,16
2022,852,2000-05-11,Japanese,12.0,16.0,0.0,0.0,0.0,0.0,21.0,21.0,213.0,Italian,35.0,9.0,0.0,0.0,0.0,0.0,Autodromo Enzo e Dino Ferrari,0.8581794813436332,16.06944761052913,3378.5206054579603,13.0,1101.0,18443.0,123340.80434782608,3011861.0,18.0,16,8
2022,854,1999-03-22,German,12.0,16.0,0.0,0.0,0.0,0.0,22.0,22.0,210.0,American,37.0,8.0,0.0,0.0,0.0,1.0,Red Bull Ring,0.704943528032022,14.242761182982546,3432.6593746547346,14.0,1142.0,14144.0,111302.675,3065174.0,14.0,12,11
2022,855,1999-05-30,Chinese,6.0,18.0,0.0,0.0,0.0,0.0,23.0,23.0,51.0,Swiss,55.0,6.0,0.0,0.0,0.0,0.0,Circuit Gilles Villeneuve,0.0,12.770113564531092,1625.4535230878396,14.0,1060.0,14128.0,67903.44444444444,1174235.0,9.0,15,10
2022,856,1995-02-06,Dutch,2.0,20.0,0.0,0.0,0.0,0.0,27.0,27.0,3.0,British,8.0,10.0,9.0,6.0,6.0,30.0,Autodromo Nazionale di Monza,3.0869927406878492,8.555861675636958,46.22158752826371,9.0,53.0,24628.0,24628.0,24628.0,19.0,8,9
