driverId,seasons_participated,number_of_seasons
1,"[2007, 2008, 2009, 2010, 2011, 2012, 2013, 2014, 2015, 2016, 2017, 2018, 2019, 2020, 2021, 2022]",16
2,"[2000, 2001, 2002, 2003, 2004, 2005, 2006, 2007, 2008, 2009, 2010, 2011]",12
3,"[2006, 2007, 2008, 2009, 2010, 2011, 2012, 2013, 2014, 2015, 2016]",11
4,"[2001, 2003, 2004, 2005, 2006, 2007, 2008, 2009, 2010, 2011, 2012, 2013, 2014, 2015, 2016, 2017, 2018, 2021, 2022]",19
5,"[2007, 2008, 2009, 2010, 2011, 2012, 2013]",7
6,"[2007, 2008, 2009]",3
7,"[2008, 2009]",2
8,"[2001, 2002, 2003, 2004, 2005, 2006, 2007, 2008, 2009, 2012, 2013, 2014, 2015, 2016, 2017, 2018, 2019, 2020, 2021]",19
9,"[2006, 2007, 2008, 2009, 2010, 2019, 2021]",7
10,"[2004, 2008, 2009, 2010, 2011, 2012]",6
11,"[2002, 2003, 2004, 2005, 2006, 2007, 2008]",7
12,"[2008, 2009]",2
13,"[2002, 2004, 2005, 2006, 2007, 2008, 2009, 2010, 2011, 2012, 2013, 2014, 2015, 2016, 2017]",15
14,"[1994, 1995, 1996, 1997, 1998, 1999, 2000, 2001, 2002, 2003, 2004, 2005, 2006, 2007, 2008]",15
15,"[1997, 1998, 1999, 2000, 2001, 2002, 2003, 2004, 2005, 2006, 2007, 2008, 2009, 2010, 2011]",15
16,"[2007, 2008, 2009, 2010, 2011, 2013, 2014]",7
17,"[2002, 2003, 2004, 2005, 2006, 2007, 2008, 2009, 2010, 2011, 2012, 2013]",12
18,"[2000, 2001, 2002, 2003, 2004, 2005, 2006, 2007, 2008, 2009, 2010, 2011, 2012, 2013, 2014, 2015, 2016, 2017]",18
19,"[2005, 2007, 2008]",3
20,"[2007, 2008, 2009, 2010, 2011, 2012, 2013, 2014, 2015, 2016, 2017, 2018, 2019, 2020, 2021, 2022]",16
21,"[1996, 1997, 1998, 1999, 2000, 2001, 2002, 2003, 2004, 2005, 2006, 2007, 2008, 2009]",14
22,"[1993, 1994, 1995, 1996, 1997, 1998, 1999, 2000, 2001, 2002, 2003, 2004, 2005, 2006, 2007, 2008, 2009, 2010, 2011]",19
23,"[1997, 1998, 1999, 2000, 2001, 2002, 2003, 2004, 2005, 2006, 2007]",11
24,"[2005, 2006, 2007, 2009, 2010, 2011]",6
25,"[1997, 1998, 1999, 2000, 2005, 2007]",6
26,"[2006, 2007]",2
27,"[2005, 2006, 2007]",3
29,"[2006, 2007, 2010]",3
30,"[1991, 1992, 1993, 1994, 1995, 1996, 1997, 1998, 1999, 2000, 2001, 2002, 2003, 2004, 2005, 2006, 2010, 2011, 2012]",19
31,"[2001, 2002, 2003, 2004, 2005, 2006]",6
32,"[2004, 2005, 2006, 2010]",4
33,"[2005, 2006]",2
34,[2006],1
35,"[1996, 1997, 1998, 1999, 2000, 2001, 2002, 2003, 2004, 2005, 2006]",11
36,[2006],1
37,"[1999, 2000, 2001, 2002, 2005, 2006, 2010, 2011, 2012]",9
38,"[2005, 2006]",2
39,"[2005, 2011, 2012]",3
40,[2005],1
41,"[1999, 2000, 2001, 2004, 2005]",5
42,"[2003, 2004, 2005]",3
43,"[2003, 2004]",2
44,"[1994, 1995, 1996, 1997, 1998, 1999, 2001, 2002, 2003, 2004]",10
45,[2004],1
46,[2004],1
47,"[2003, 2004]",2
48,"[1999, 2000, 2003, 2004]",4
49,"[1994, 1995, 1996, 1997, 1998, 1999, 2000, 2001, 2002, 2003]",10
50,"[1994, 1995, 1996, 1997, 1998, 2000, 2001, 2003]",8
51,[2003],1
52,[2003],1
53,[2003],1
54,"[2000, 2001]",2
55,"[1989, 1990, 1991, 1992, 1993, 1994, 1995, 1996, 1997, 1998, 1999, 2000, 2001]",13
56,"[1993, 1994, 1995, 1996, 1997, 1998, 1999, 2000, 2001, 2002]",10
57,"[1991, 1992, 1993, 1994, 1995, 1996, 1997, 1998, 1999, 2000, 2001]",11
58,"[1997, 2001]",2
59,"[2001, 2002]",2
60,"[2000, 2001]",2
61,[2001],1
62,"[2001, 2002]",2
63,"[1994, 1995, 1996, 1997, 1998, 1999, 2000, 2002]",8
64,"[1995, 1996, 1997, 1998, 1999, 2000]",6
65,"[1989, 1990, 1991, 1992, 1993, 1994, 1995, 1996, 1997, 1998, 1999, 2000]",12
66,[2002],1
67,"[2009, 2010, 2011]",3
68,"[1998, 1999]",2
69,"[1993, 1995, 1996, 1999, 2009]",5
70,"[1991, 1993, 1994, 1999]",4
71,"[1992, 1993, 1994, 1995, 1996, 1997, 1998, 1999]",8
73,"[1996, 1998]",2
74,[1998],1
75,"[1997, 1998]",2
76,"[1995, 1997, 1998]",3
77,"[1984, 1985, 1986, 1987, 1988, 1989, 1990, 1991, 1992, 1993, 1994, 1995, 1996, 1997]",14
78,"[1987, 1988, 1989, 1990, 1991, 1992, 1994, 1997]",8
79,"[1992, 1993, 1994, 1995, 1996, 1997]",6
81,"[1990, 1991, 1992, 1994, 1995, 1997]",6
82,[1997],1
83,"[1993, 1994, 1995, 1996]",4
84,"[1984, 1985, 1986, 1987, 1988, 1989, 1991, 1992, 1993, 1994, 1995, 1996]",12
85,"[1994, 1995, 1996]",3
86,[1996],1
87,"[1991, 1993, 1994, 1995]",4
88,"[1988, 1989, 1990, 1991, 1992, 1993, 1994, 1995]",8
89,"[1994, 1995]",2
90,"[1982, 1987, 1989, 1990, 1991, 1995]",6
91,"[1991, 1992, 1993, 1994, 1995]",5
92,"[1989, 1990, 1991, 1992, 1994, 1995]",6
93,"[1994, 1995]",2
94,"[1984, 1985, 1988, 1989, 1990, 1991, 1992, 1993, 1994, 1995]",10
95,"[1980, 1981, 1982, 1983, 1984, 1985, 1986, 1987, 1988, 1989, 1990, 1991, 1992, 1994, 1995]",15
96,[1995],1
97,[1995],1
98,"[1994, 1995]",2
99,"[1987, 1988, 1989, 1990, 1991, 1992, 1995]",7
100,"[1991, 1992, 1993, 1994]",4
101,"[1990, 1994]",2
102,"[1984, 1985, 1986, 1987, 1988, 1989, 1990, 1991, 1992, 1993, 1994]",11
103,"[1989, 1990, 1991, 1994]",4
104,"[1992, 1993, 1994]",3
105,"[1981, 1982, 1983, 1984, 1985, 1986, 1987, 1988, 1989, 1990, 1991, 1992, 1993, 1994]",14
106,[1994],1
107,[1994],1
108,"[1992, 1994]",2
109,"[1989, 1990, 1991, 1992, 1993, 1994]",6
110,"[1980, 1981, 1982, 1983, 1984, 1985, 1986, 1987, 1988, 1989, 1990, 1991, 1992, 1993, 1994]",15
111,[1994],1
112,"[1984, 1985, 1986, 1987, 1988, 1989, 1990, 1993, 1994]",9
113,[1994],1
114,"[1987, 1988, 1989, 1990, 1994]",5
115,[1994],1
116,[1994],1
117,"[1980, 1981, 1982, 1983, 1984, 1985, 1986, 1987, 1988, 1989, 1990, 1991, 1993]",13
118,"[1981, 1982, 1983, 1984, 1985, 1986, 1987, 1988, 1989, 1990, 1993]",11
119,"[1977, 1978, 1979, 1980, 1981, 1982, 1983, 1984, 1985, 1986, 1987, 1988, 1989, 1990, 1991, 1992, 1993]",17
120,"[1991, 1993]",2
121,[1993],1
122,"[1985, 1986, 1987, 1988, 1989, 1990, 1991, 1992]",8
123,"[1983, 1984, 1985, 1986, 1987, 1988, 1989, 1990, 1991, 1992, 1993]",11
125,[1992],1
126,[1993],1
127,"[1988, 1989, 1990, 1991, 1992]",5
128,"[1991, 1992]",2
129,"[1989, 1990, 1991, 1992]",4
131,"[1987, 1988, 1989, 1990, 1991, 1992]",6
133,"[1986, 1987, 1988, 1989, 1990, 1991]",6
134,[1989],1
136,"[1979, 1980, 1981, 1982, 1992]",5
137,"[1978, 1979, 1980, 1981, 1982, 1983, 1984, 1985, 1986, 1987, 1988, 1989, 1990, 1991]",14
138,"[1987, 1988, 1989, 1990, 1991]",5
139,"[1989, 1990, 1991]",3
140,"[1980, 1983, 1984, 1985, 1986, 1987, 1988, 1989, 1990, 1991]",10
141,"[1988, 1991]",2
142,[1991],1
143,[1991],1
144,[1991],1
145,"[1986, 1987, 1988, 1989, 1990]",5
146,"[1988, 1989, 1990]",3
147,"[1989, 1990]",2
148,"[1989, 1990]",2
149,[1990],1
150,[1990],1
151,"[1989, 1990]",2
152,"[1977, 1978, 1979, 1980, 1981, 1982, 1983, 1990]",8
153,"[2009, 2010, 2011]",3
154,"[2009, 2012, 2013, 2014, 2015, 2016, 2017, 2018, 2019, 2020]",10
155,"[2009, 2010, 2011, 2012, 2014]",5
156,"[1983, 1984, 1985, 1986, 1987, 1988, 1989]",7
157,"[1985, 1986, 1987, 1989]",4
158,"[1978, 1980, 1981, 1982, 1983, 1984, 1985, 1986, 1987, 1988, 1989]",11
159,"[1988, 1989]",2
160,"[1981, 1983, 1984, 1985, 1986, 1987, 1988, 1989]",8
161,[1989],1
162,"[1988, 1989]",2
163,"[1978, 1979, 1980, 1981, 1982, 1983, 1984, 1985, 1986, 1987, 1988, 1989]",12
164,[1989],1
165,"[1988, 1989]",2
166,"[1984, 1985, 1986, 1987, 1988]",5
167,"[1987, 1988]",2
168,"[1983, 1988]",2
169,[1987],1
170,"[1982, 1984, 1985, 1986, 1987]",5
171,[1987],1
172,"[1974, 1975, 1976, 1977, 1978, 1979, 1980, 1981, 1982, 1983, 1984, 1985, 1986]",13
173,"[1979, 1980, 1981, 1982, 1983, 1984, 1985, 1986]",8
174,[1986],1
175,"[1977, 1978, 1979, 1981, 1982, 1983, 1984, 1985, 1986]",9
176,"[1979, 1980, 1981, 1982, 1983, 1984, 1985, 1986]",8
177,"[1978, 1979, 1980, 1981, 1982, 1983, 1984, 1985, 1986]",9
178,"[1975, 1976, 1977, 1978, 1979, 1980, 1981, 1983, 1985, 1986]",10
179,"[1984, 1985, 1986]",3
180,[1986],1
181,"[1980, 1982, 1983, 1984, 1985]",5
182,"[1971, 1972, 1973, 1974, 1975, 1976, 1977, 1978, 1979, 1982, 1983, 1984, 1985]",13
183,"[1984, 1985]",2
184,"[1982, 1983, 1984, 1985]",4
185,"[1984, 1985]",2
186,"[1983, 1985]",2
187,"[1973, 1974, 1975, 1976, 1977, 1978, 1979, 1980, 1981, 1982, 1983, 1985]",12
188,"[1983, 1984]",2
189,[1984],1
190,"[1983, 1984]",2
191,"[1980, 1984]",2
192,"[1981, 1982, 1983]",3
193,[1983],1
194,"[1981, 1982, 1983]",3
195,"[1982, 1983]",2
196,"[1982, 1983]",2
197,"[1971, 1973, 1974, 1975, 1976, 1977, 1978, 1979, 1980, 1981, 1982, 1983]",12
198,"[1981, 1983]",2
199,"[1972, 1973, 1974, 1975, 1976, 1977, 1978, 1979, 1980, 1981, 1982]",11
200,"[1973, 1974, 1975, 1976, 1977, 1978, 1979, 1980, 1982]",9
201,"[1981, 1982]",2
202,"[1978, 1979, 1980, 1981, 1982]",5
203,"[1977, 1978, 1979, 1980, 1981, 1982]",6
204,[1982],1
205,"[1975, 1977, 1981, 1982]",4
206,"[1978, 1979, 1980, 1981, 1982]",5
207,"[1968, 1969, 1970, 1971, 1972, 1974, 1975, 1976, 1977, 1978, 1979, 1980, 1981, 1982]",14
208,"[1976, 1977, 1978, 1982]",4
209,"[1978, 1979, 1980, 1982]",4
210,[1982],1
211,"[1977, 1978, 1980, 1982]",4
212,"[1977, 1978, 1979, 1980, 1981]",5
213,"[1978, 1981]",2
214,"[1980, 1981]",2
215,[1981],1
216,[1981],1
217,"[1979, 1980, 1981]",3
218,[1981],1
219,"[1974, 1975, 1977, 1978, 1979, 1980, 1981]",7
220,"[1977, 1981]",2
221,"[1972, 1974, 1975, 1976, 1977, 1978, 1979, 1980]",8
222,"[1972, 1973, 1974, 1975, 1976, 1977, 1978, 1979, 1980]",9
223,"[1970, 1971, 1972, 1973, 1974, 1975, 1976, 1977, 1978, 1979, 1980]",11
224,"[1970, 1971, 1972, 1973, 1974, 1975, 1976, 1977, 1978, 1979, 1980]",11
225,[1980],1
226,[1980],1
227,[1980],1
228,[1980],1
229,"[1975, 1976, 1977, 1978, 1980]",5
230,"[1974, 1975, 1976, 1977, 1978, 1979, 1980]",7
231,"[1973, 1974, 1975, 1976, 1977, 1978, 1979]",7
232,"[1972, 1973, 1974, 1975, 1976, 1977, 1978, 1979]",8
233,"[1974, 1975, 1976, 1977, 1978, 1979]",6
234,[1979],1
235,"[1967, 1968, 1969, 1970, 1971, 1972, 1973, 1974, 1975, 1976, 1977, 1978, 1979]",13
236,[1979],1
237,"[1976, 1977, 1979]",3
238,"[1970, 1971, 1972, 1973, 1974, 1975, 1976, 1977, 1978]",9
239,"[1975, 1976, 1977, 1978]",4
240,"[1977, 1978]",2
241,"[1977, 1978]",2
242,"[1976, 1978]",2
243,"[1970, 1971, 1972, 1973, 1974, 1975, 1976, 1978]",8
244,[1978],1
245,"[1975, 1976, 1977, 1978]",4
246,"[1976, 1977, 1978]",3
247,"[1977, 1978]",2
248,[1978],1
249,[1978],1
250,"[1972, 1973, 1974, 1975, 1976, 1977]",6
251,"[1974, 1975, 1976, 1977]",4
252,"[1974, 1975, 1976, 1977]",4
253,"[1976, 1977]",2
254,"[1975, 1976, 1977]",3
255,"[1976, 1977]",2
256,"[1974, 1976, 1977]",3
257,"[1976, 1977]",2
258,"[1976, 1977]",2
259,"[1973, 1974, 1977]",3
260,"[1976, 1977]",2
261,[1977],1
262,"[1967, 1968, 1969, 1970, 1971, 1972, 1973, 1977]",8
263,[1977],1
264,[1977],1
265,"[1974, 1976, 1977]",3
266,[1977],1
267,"[1974, 1975, 1977]",3
268,[1977],1
269,"[1974, 1977]",2
270,"[1974, 1975, 1976, 1977]",4
271,"[1976, 1977]",2
272,[1977],1
273,"[1976, 1977]",2
274,"[1976, 1977]",2
275,"[1974, 1975, 1976]",3
276,"[1975, 1976]",2
277,"[1975, 1976]",2
278,"[1963, 1964, 1965, 1966, 1967, 1968, 1969, 1970, 1971, 1972, 1973, 1974, 1975, 1976]",14
279,[1976],1
280,"[1968, 1970, 1971, 1972, 1973, 1974, 1976]",7
281,[1976],1
282,"[1975, 1976]",2
283,"[1974, 1975, 1976]",3
284,[1976],1
285,[1976],1
286,[1976],1
287,[1976],1
288,"[1971, 1974, 1975]",3
289,"[1958, 1959, 1960, 1961, 1962, 1963, 1964, 1965, 1966, 1967, 1968, 1969, 1970, 1971, 1972, 1973, 1974, 1975]",18
290,"[1972, 1973, 1975]",3
291,[1975],1
292,"[1973, 1974, 1975]",3
293,"[1965, 1967, 1968, 1970, 1971, 1972, 1973, 1974, 1975]",9
294,[1975],1
295,[1975],1
296,"[1972, 1974, 1975]",3
297,[1975],1
298,"[1971, 1973, 1974, 1975]",4
299,[1975],1
300,"[1974, 1975]",2
301,[1975],1
302,[1975],1
303,[1975],1
304,"[1965, 1966, 1967, 1968, 1969, 1970, 1971, 1972, 1973, 1974]",10
305,"[1963, 1964, 1965, 1971, 1972, 1973, 1974]",7
306,"[1967, 1968, 1969, 1970, 1971, 1972, 1973, 1974]",8
307,"[1971, 1972, 1973, 1974]",4
308,[1974],1
309,"[1964, 1971, 1972, 1973, 1974]",5
310,"[1963, 1974]",2
311,[1974],1
312,"[1968, 1970, 1971, 1972, 1974]",5
313,"[1973, 1974]",2
314,"[1970, 1971, 1972, 1973, 1974]",5
315,[1974],1
316,[1974],1
317,"[1970, 1971, 1972, 1973, 1974]",5
318,[1974],1
319,[1974],1
320,"[1970, 1971, 1972, 1973, 1974]",5
321,"[1968, 1969, 1970, 1971, 1972, 1974]",6
322,"[1967, 1968, 1971, 1974]",4
323,[1974],1
324,[1974],1
325,[1974],1
326,[1974],1
327,"[1970, 1971, 1972, 1973]",4
328,"[1965, 1966, 1967, 1968, 1969, 1970, 1971, 1972, 1973]",9
329,"[1971, 1972, 1973]",3
330,"[1970, 1971, 1972, 1973]",4
331,[1973],1
332,[1973],1
333,"[1968, 1970, 1971, 1972, 1973]",5
334,"[1965, 1968, 1971, 1973]",4
335,[1973],1
336,[1973],1
337,"[1971, 1972]",2
338,"[1971, 1972]",2
339,"[1970, 1971, 1972]",3
340,"[1962, 1963, 1964, 1965, 1967, 1968, 1969, 1970, 1971, 1972]",10
341,"[1960, 1961, 1962, 1963, 1964, 1965, 1966, 1967, 1968, 1969, 1970, 1971, 1972]",13
342,"[1971, 1972]",2
343,"[1968, 1969, 1972]",3
344,"[1971, 1972]",2
345,"[1963, 1964, 1965, 1966, 1967, 1968, 1969, 1970, 1971]",9
346,"[1962, 1963, 1964, 1965, 1966, 1967, 1968, 1969, 1970, 1971]",10
347,"[1956, 1957, 1958, 1959, 1960, 1961, 1962, 1963, 1964, 1965, 1966, 1967, 1968, 1969, 1970, 1971]",16
348,[1971],1
349,[1971],1
350,"[1968, 1969, 1971]",3
351,"[1967, 1968, 1969, 1970, 1971]",5
352,"[1969, 1970, 1971]",3
353,"[1959, 1960, 1969, 1970, 1971]",5
354,[1971],1
355,[1971],1
356,"[1956, 1957, 1958, 1959, 1960, 1961, 1962, 1963, 1964, 1965, 1966, 1967, 1968, 1969, 1970]",15
357,"[1969, 1970]",2
358,"[1964, 1965, 1966, 1967, 1968, 1969, 1970]",7
359,"[1967, 1968, 1969, 1970]",4
360,"[1958, 1959, 1960, 1961, 1962, 1963, 1964, 1965, 1966, 1967, 1968, 1969, 1970]",13
361,"[1967, 1968, 1969, 1970]",4
362,"[1963, 1965, 1969, 1970]",4
363,[1970],1
364,"[1959, 1960, 1961, 1962, 1963, 1964, 1965, 1966, 1967, 1968, 1970]",11
365,"[1967, 1968, 1970]",3
366,[1970],1
367,[1970],1
368,"[1962, 1963, 1965, 1967, 1968, 1969]",6
369,"[1968, 1969]",2
370,"[1964, 1965, 1967, 1968, 1969]",5
371,[1967],1
372,[1969],1
373,"[1960, 1961, 1962, 1963, 1964, 1965, 1966, 1967, 1968]",9
374,"[1963, 1964, 1965, 1966, 1967, 1968]",6
375,"[1963, 1964, 1965, 1966, 1967, 1968]",6
376,"[1959, 1960, 1961, 1962, 1963, 1965, 1968]",7
377,"[1967, 1968]",2
378,[1968],1
379,"[1967, 1968]",2
380,"[1964, 1965, 1968]",3
381,[1968],1
382,"[1963, 1964, 1965, 1966, 1967, 1968]",6
383,"[1963, 1964, 1965, 1966, 1967]",5
384,[1967],1
385,"[1961, 1962, 1963, 1964, 1965, 1966, 1967]",7
386,"[1960, 1961, 1962, 1963, 1964, 1965, 1966, 1967]",8
387,"[1959, 1966, 1967]",3
388,"[1966, 1967]",2
389,"[1966, 1967]",2
390,[1967],1
391,[1967],1
392,[1967],1
393,[1967],1
394,"[1961, 1962, 1963, 1964, 1965, 1966, 1967]",7
395,[1967],1
396,"[1965, 1966]",2
397,"[1962, 1963, 1964, 1966]",4
398,"[1960, 1966]",2
399,"[1964, 1966]",2
400,[1966],1
401,"[1959, 1961, 1962, 1963, 1964, 1966]",6
402,"[1964, 1965, 1966]",3
403,"[1958, 1959, 1960, 1961, 1962, 1963, 1964, 1966]",8
404,"[1959, 1960, 1961, 1962, 1963, 1964, 1965, 1966]",8
405,"[1964, 1965, 1966]",3
406,[1965],1
407,"[1963, 1965]",2
408,"[1961, 1962, 1963, 1964, 1965]",5
409,"[1963, 1965]",2
410,"[1962, 1963, 1965]",3
411,"[1962, 1963, 1965]",3
412,"[1963, 1965]",2
413,"[1962, 1963, 1965]",3
414,[1965],1
415,[1965],1
416,[1965],1
417,[1965],1
418,"[1957, 1958, 1959, 1960, 1961, 1962, 1963, 1965]",8
419,[1965],1
420,"[1963, 1964, 1965]",3
421,[1965],1
422,[1965],1
423,"[1963, 1964, 1965]",3
424,"[1961, 1962, 1965]",3
425,"[1961, 1962, 1965]",3
426,[1965],1
427,"[1955, 1956, 1957, 1958, 1959, 1960, 1961, 1962, 1963, 1964]",10
428,"[1961, 1962, 1963, 1964]",4
429,"[1956, 1961, 1963, 1964]",4
430,"[1957, 1958, 1959, 1960, 1961, 1962, 1963, 1964]",8
431,"[1957, 1958, 1960, 1961, 1964]",5
432,"[1959, 1960, 1963, 1964]",4
433,"[1961, 1963, 1964]",3
434,"[1961, 1962, 1963, 1964]",4
435,"[1960, 1961, 1962, 1963]",4
436,"[1961, 1962, 1963]",3
437,"[1958, 1959, 1960, 1961, 1962, 1963]",6
438,"[1962, 1963]",2
439,"[1960, 1962, 1963]",3
440,"[1960, 1961, 1962, 1963]",4
441,"[1959, 1961, 1963]",3
442,"[1962, 1963]",2
443,[1963],1
444,"[1961, 1962, 1963]",3
445,"[1962, 1963]",2
446,"[1962, 1963]",2
447,"[1961, 1963]",2
448,[1963],1
449,"[1955, 1956, 1957, 1958, 1959, 1960, 1963]",7
450,[1963],1
451,[1963],1
452,[1963],1
453,"[1961, 1962]",2
454,"[1961, 1962]",2
455,"[1958, 1960, 1961, 1962]",4
456,"[1956, 1957, 1958, 1959, 1960, 1961, 1962]",7
457,[1962],1
458,[1962],1
459,"[1957, 1958, 1961, 1962]",4
460,"[1961, 1962]",2
461,[1962],1
462,"[1959, 1962]",2
463,[1962],1
464,[1962],1
465,"[1959, 1960, 1961, 1962]",4
466,[1962],1
467,"[1961, 1962]",2
468,"[1961, 1962]",2
469,[1962],1
470,[1962],1
471,[1962],1
472,[1962],1
473,[1962],1
474,[1962],1
475,"[1955, 1956, 1957, 1958, 1959, 1960, 1961]",7
476,"[1956, 1957, 1958, 1959, 1960, 1961]",6
477,"[1958, 1959, 1960, 1961]",4
478,"[1955, 1957, 1958, 1959, 1960, 1961]",6
479,"[1956, 1957, 1958, 1959, 1960, 1961]",6
480,[1961],1
481,"[1959, 1960, 1961]",3
482,"[1956, 1958, 1959, 1960, 1961]",5
483,"[1956, 1957, 1958, 1959, 1960, 1961]",6
484,"[1957, 1958, 1959, 1960, 1961]",5
485,[1961],1
486,"[1956, 1957, 1958, 1959, 1960, 1961]",6
487,[1961],1
488,[1961],1
489,[1961],1
490,[1961],1
491,"[1960, 1961]",2
492,[1961],1
493,[1961],1
494,"[1960, 1961]",2
495,[1961],1
496,"[1955, 1956, 1957, 1958, 1960]",5
497,[1960],1
498,"[1955, 1956, 1957, 1960]",4
499,[1960],1
500,[1960],1
501,"[1955, 1956, 1957, 1958, 1959, 1960]",6
502,"[1958, 1959, 1960]",3
503,[1960],1
504,[1960],1
505,"[1959, 1960]",2
506,"[1956, 1957, 1959, 1960]",4
507,[1960],1
508,[1960],1
509,"[1955, 1956, 1957, 1958, 1959, 1960]",6
510,"[1958, 1959, 1960]",3
511,"[1959, 1960]",2
512,"[1955, 1956, 1957, 1958, 1959, 1960]",6
513,"[1955, 1956, 1957, 1958, 1959, 1960]",6
514,"[1956, 1957, 1958, 1959, 1960]",5
515,[1960],1
516,"[1956, 1957, 1958, 1959, 1960]",5
517,"[1959, 1960]",2
518,"[1955, 1959, 1960]",3
519,"[1955, 1960]",2
520,"[1956, 1957, 1959, 1960]",4
521,[1960],1
522,"[1959, 1960]",2
523,"[1955, 1958, 1960]",3
524,[1960],1
525,"[1955, 1956, 1957, 1958, 1959, 1960]",6
526,"[1956, 1957, 1958, 1960]",4
527,"[1957, 1958, 1959, 1960]",4
528,"[1955, 1956, 1957, 1958, 1959, 1960]",6
529,"[1955, 1956, 1957, 1958, 1959, 1960]",6
530,[1960],1
531,"[1958, 1959, 1960]",3
532,"[1955, 1956, 1957, 1960]",4
533,"[1955, 1956, 1957, 1958, 1959, 1960]",6
534,[1960],1
535,"[1959, 1960]",2
536,"[1958, 1959, 1960]",3
537,"[1956, 1958, 1959, 1960]",4
538,"[1955, 1956, 1957, 1959, 1960]",5
539,"[1958, 1960]",2
540,"[1959, 1960]",2
541,"[1956, 1957, 1958, 1959, 1960]",5
542,"[1959, 1960]",2
543,"[1958, 1959, 1960]",3
544,[1960],1
545,[1960],1
546,[1960],1
547,"[1956, 1957, 1958, 1960]",4
548,[1960],1
549,"[1957, 1958, 1959]",3
550,[1959],1
551,"[1958, 1959]",2
552,[1959],1
553,"[1958, 1959]",2
554,"[1955, 1956, 1957, 1958, 1959]",5
555,"[1955, 1956, 1957, 1958, 1959]",5
556,"[1955, 1956, 1957, 1959]",4
557,[1959],1
558,"[1955, 1956, 1957, 1958, 1959]",5
559,"[1955, 1956, 1959]",3
560,"[1957, 1958, 1959]",3
561,"[1955, 1956, 1959]",3
562,"[1956, 1957, 1958, 1959]",4
563,"[1955, 1957, 1958, 1959]",4
564,"[1958, 1959]",2
565,"[1957, 1958, 1959]",3
566,"[1958, 1959]",2
567,[1959],1
568,[1959],1
569,[1959],1
570,[1959],1
571,[1959],1
572,[1959],1
573,"[1957, 1959]",2
574,[1959],1
575,[1959],1
576,[1959],1
577,"[1955, 1956, 1957, 1958]",4
578,"[1955, 1956, 1957, 1958]",4
579,"[1955, 1956, 1957, 1958]",4
580,"[1956, 1957, 1958]",3
581,"[1956, 1957, 1958]",3
582,[1958],1
583,"[1956, 1958]",2
584,[1958],1
585,"[1956, 1958]",2
586,"[1956, 1957, 1958]",3
587,[1958],1
588,[1958],1
589,"[1955, 1956, 1958]",3
590,"[1957, 1958]",2
591,[1958],1
592,"[1956, 1957, 1958]",3
593,"[1955, 1956, 1957, 1958]",4
594,"[1956, 1957, 1958]",3
595,"[1956, 1958]",2
596,"[1955, 1956, 1957, 1958]",4
597,"[1955, 1956, 1957, 1958]",4
598,[1958],1
599,[1958],1
600,[1958],1
601,"[1957, 1958]",2
602,[1958],1
603,[1958],1
604,[1958],1
605,[1958],1
606,"[1956, 1957]",2
607,"[1955, 1956, 1957]",3
608,"[1955, 1956, 1957]",3
609,"[1955, 1956, 1957]",3
610,"[1956, 1957]",2
611,"[1955, 1956, 1957]",3
612,"[1955, 1956, 1957]",3
613,[1957],1
614,[1957],1
615,"[1955, 1956, 1957]",3
616,[1957],1
617,[1957],1
618,[1957],1
619,"[1956, 1957]",2
620,"[1956, 1957]",2
621,[1957],1
622,[1956],1
623,"[1955, 1956]",2
624,[1956],1
625,"[1955, 1956]",2
626,"[1955, 1956]",2
627,"[1955, 1956]",2
628,"[1955, 1956]",2
629,[1956],1
630,[1956],1
631,"[1955, 1956]",2
632,[1956],1
633,"[1955, 1956]",2
634,[1956],1
635,[1956],1
636,[1956],1
637,[1956],1
638,"[1956, 1957]",2
639,[1956],1
640,[1956],1
641,"[1955, 1956]",2
642,[1955],1
643,[1955],1
644,[1955],1
645,[1955],1
646,[1955],1
647,[1955],1
648,[1955],1
649,[1955],1
650,[1955],1
651,[1955],1
652,[1955],1
653,[1955],1
654,[1955],1
655,[1955],1
656,[1955],1
657,[1955],1
658,[1955],1
659,[1955],1
806,[1956],1
807,"[2010, 2012, 2013, 2014, 2015, 2016, 2017, 2018, 2019, 2020, 2022]",11
808,"[2010, 2011, 2012]",3
810,[2010],1
811,"[2010, 2011, 2012]",3
812,"[2010, 2011]",2
813,"[2011, 2012, 2013, 2014, 2015]",5
814,"[2011, 2012, 2013, 2017]",4
815,"[2011, 2012, 2013, 2014, 2015, 2016, 2017, 2018, 2019, 2020, 2021, 2022]",12
816,"[2011, 2012]",2
817,"[2011, 2012, 2013, 2014, 2015, 2016, 2017, 2018, 2019, 2020, 2021, 2022]",12
818,"[2012, 2013, 2014]",3
819,"[2012, 2013]",2
820,"[2013, 2014]",2
821,"[2013, 2014, 2016]",3
822,"[2013, 2014, 2015, 2016, 2017, 2018, 2019, 2020, 2021, 2022]",10
823,[2013],1
824,"[2013, 2014]",2
825,"[2014, 2015, 2016, 2017, 2018, 2019, 2020, 2022]",8
826,"[2014, 2015, 2016, 2017, 2019, 2020]",6
827,[2014],1
828,"[2014, 2015, 2016, 2017, 2018]",5
829,"[2014, 2015]",2
830,"[2015, 2016, 2017, 2018, 2019, 2020, 2021, 2022]",8
831,"[2015, 2016]",2
832,"[2015, 2016, 2017, 2018, 2019, 2020, 2021, 2022]",8
833,[2015],1
834,[2015],1
835,"[2016, 2017]",2
836,"[2016, 2017]",2
837,[2016],1
838,"[2016, 2017, 2018]",3
839,"[2016, 2017, 2018, 2020, 2021, 2022]",6
840,"[2017, 2018, 2019, 2020, 2021, 2022]",6
841,"[2017, 2019, 2020, 2021]",4
842,"[2017, 2018, 2019, 2020, 2021, 2022]",6
843,"[2017, 2018]",2
844,"[2018, 2019, 2020, 2021, 2022]",5
845,[2018],1
846,"[2019, 2020, 2021, 2022]",4
847,"[2019, 2020, 2021, 2022]",4
848,"[2019, 2020, 2022]",3
849,"[2020, 2021, 2022]",3
850,[2020],1
851,[2020],1
852,"[2021, 2022]",2
853,[2021],1
854,"[2021, 2022]",2
855,[2022],1
856,[2022],1
